ctuid,ai_own_s0,ai_own_s1,ai_own_s2,ai_own_change_s1,ai_own_change_s2
2021S05075350001.00,0.05073779591093773,0.05073779591093773,0.05073779591093773,0.0,0.0
2021S05075350002.00,0.07869913599324287,0.07869913599324287,0.07869913599324287,0.0,0.0
2021S05075350003.00,0.05070930753591757,0.05667016401017648,0.05083966048699553,0.00596085647425891,0.0001303529510779597
2021S05075350004.00,0.012344962508743973,0.014762614063193553,0.013515640314806695,0.00241765155444958,0.001170677806062722
2021S05075350005.00,0.03648212801091503,0.03648212801091503,0.03648212801091503,0.0,0.0
2021S05075350007.01,0.016295350511542052,0.016295350511542052,0.017895305991645988,0.0,0.001599955480103936
2021S05075350007.02,0.016966410012017354,0.016966410012017354,0.016966410012017354,0.0,0.0
2021S05075350008.01,0.051688979712870446,0.051688979712870446,0.06279349738910242,0.0,0.011104517676231974
2021S05075350008.02,0.04795884715627155,0.05614132529025895,0.04795884715627155,0.008182478133987398,0.0
2021S05075350009.00,0.017827230204320373,0.017827230204320373,0.017827230204320373,0.0,0.0
2021S05075350010.01,0.05092297034856891,0.05092297034856891,0.060307738882631134,0.0,0.009384768534062227
2021S05075350010.02,0.04789845453392662,0.06365288871790196,0.04789845453392662,0.015754434183975347,0.0
2021S05075350011.01,0.047268211711111806,0.07229066655017556,0.047268211711111806,0.025022454839063756,0.0
2021S05075350011.02,0.04526486253206124,0.08019395720924409,0.08179318378814567,0.03492909467718285,0.03652832125608443
2021S05075350011.03,0.04444186503147832,0.11577045414352125,0.04444186503147832,0.07132858911204293,0.0
2021S05075350012.01,0.04541504455771505,0.06452977456283272,0.04541504455771505,0.019114730005117674,0.0
2021S05075350012.03,0.0518488425367247,0.0518488425367247,0.0904588991269578,0.0,0.0386100565902331
2021S05075350012.04,0.05026163307131476,0.05026163307131476,0.07083405926958877,0.0,0.020572426198274013
2021S05075350013.01,0.04493566353182806,0.0467717659787062,0.06262785057817526,0.0018361024468781378,0.017692187046347195
2021S05075350013.02,0.04357045591321404,0.06718880755454164,0.04357045591321404,0.023618351641327598,0.0
2021S05075350014.00,0.034072096524133365,0.04003126368685376,0.037835957940124725,0.005959167162720394,0.0037638614159913597
2021S05075350015.00,0.043515992843322526,0.07722073953345324,0.06883709641588946,0.03370474669013071,0.025321103572566936
2021S05075350016.00,0.050623227553842194,0.05864457486040524,0.055380325187273434,0.008021347306563044,0.00475709763343124
2021S05075350017.01,0.04973256324951145,0.04973256324951145,0.09532210800040067,0.0,0.04558954475088922
2021S05075350017.02,0.03677035261533027,0.03677035261533027,0.03690503048016899,0.0,0.00013467786483872118
2021S05075350018.00,0.039279426164185366,0.05548568014146841,0.039279426164185366,0.016206253977283043,0.0
2021S05075350019.00,0.026934463655441394,0.026934463655441394,0.026934463655441394,0.0,0.0
2021S05075350020.00,0.03605383090302049,0.03785076172603532,0.03688012167697492,0.001796930823014832,0.0008262907739544356
2021S05075350021.00,0.02182850986645458,0.02678543136386555,0.028149133684722487,0.00495692149741097,0.006320623818267906
2021S05075350022.00,0.03654435921462621,0.03654435921462621,0.03725168602300326,0.0,0.000707326808377047
2021S05075350023.00,0.031016718303219247,0.031016718303219247,0.031016718303219247,0.0,0.0
2021S05075350024.00,0.030421514753690513,0.04211896549789647,0.0406385632689198,0.011697450744205955,0.010217048515229286
2021S05075350025.00,0.02592442126836234,0.02742960333549288,0.02592442126836234,0.0015051820671305415,0.0
2021S05075350026.00,0.03629418977570728,0.03773042122954457,0.03671519804117846,0.0014362314538372903,0.00042100826547118025
2021S05075350027.00,0.03024515814642273,0.03024515814642273,0.03275467467039107,0.0,0.0025095165239683373
2021S05075350028.01,0.04370116728095366,0.052658135925447,0.04777189440844724,0.008956968644493336,0.004070727127493574
2021S05075350028.02,0.04036802740359279,0.04856559081527681,0.04403813661008464,0.008197563411684018,0.003670109206491849
2021S05075350029.00,0.028393413770111134,0.028393413770111134,0.032909867722421104,0.0,0.004516453952309971
2021S05075350030.00,0.03854651558852711,0.03854651558852711,0.055300966781217195,0.0,0.016754451192690083
2021S05075350031.00,0.029627910020985547,0.03571892580811009,0.031216044785859508,0.006091015787124544,0.0015881347648739608
2021S05075350032.00,0.015406513210912479,0.02307669220649761,0.025207111615092422,0.007670178995585131,0.009800598404179944
2021S05075350033.00,0.01497855451060936,0.015354352318556804,0.01843739660873154,0.00037579780794744395,0.003458842098122179
2021S05075350034.01,0.02888721227046091,0.051889483415282246,0.02888721227046091,0.023002271144821337,0.0
2021S05075350034.02,0.0325907010230841,0.0325907010230841,0.03981432842525298,0.0,0.007223627402168885
2021S05075350035.00,0.03259070102308409,0.03259070102308409,0.06520671722040856,0.0,0.032616016197324474
2021S05075350036.00,0.03465407332811702,0.03465407332811702,0.05217483334963723,0.0,0.017520760021520213
2021S05075350037.00,0.022665351166053935,0.034010617158709365,0.026666002273702624,0.01134526599265543,0.0040006511076486895
2021S05075350038.00,0.01911000196353567,0.020804132466103433,0.02534009252146051,0.0016941305025677637,0.006230090557924839
2021S05075350039.00,0.02944273558335439,0.036910644699668045,0.02944273558335439,0.007467909116313655,0.0
2021S05075350040.00,0.023979423578135775,0.023979423578135775,0.03292217886304836,0.0,0.008942755284912583
2021S05075350041.00,0.027847938682515477,0.03920683096585859,0.03463774209922941,0.011358892283343115,0.006789803416713931
2021S05075350042.00,0.021233335515039635,0.021233335515039635,0.022190310883497332,0.0,0.0009569753684576972
2021S05075350043.00,0.025395351446559036,0.0286874446096743,0.030554353826930176,0.0032920931631152638,0.00515900238037114
2021S05075350044.01,0.02931928595826693,0.02931928595826693,0.02931928595826693,0.0,0.0
2021S05075350044.02,0.049379850034975886,0.049379850034975886,0.049379850034975886,0.0,0.0
2021S05075350045.00,0.02623304533108094,0.02623304533108094,0.028536045023359588,0.0,0.0023029996922786476
2021S05075350046.00,0.02794450604252045,0.029336148708171115,0.028244267918373957,0.001391642665650665,0.00029976187585350686
2021S05075350047.02,0.019947503776505122,0.019947503776505122,0.030269159225988374,0.0,0.010321655449483252
2021S05075350047.03,0.04530863899485821,0.04530863899485821,0.046076490783434655,0.0,0.0007678517885764471
2021S05075350047.04,0.028146514519936258,0.028146514519936258,0.03246850165436198,0.0,0.00432198713442572
2021S05075350048.00,0.02296163026626379,0.02296163026626379,0.024855489232320692,0.0,0.0018938589660569029
2021S05075350049.00,0.024535612986128656,0.02696570663223092,0.024535612986128656,0.002430093646102263,0.0
2021S05075350050.01,0.05052441609538926,0.05705194013730116,0.05052441609538926,0.006527524041911897,0.0
2021S05075350050.03,0.04907122597225731,0.04907122597225731,0.04907122597225731,0.0,0.0
2021S05075350050.04,0.02222093251573915,0.025580863826329247,0.02222093251573915,0.0033599313105900953,0.0
2021S05075350051.00,0.018887792638378278,0.01889925532435072,0.019736379189987177,1.1462685972442321e-05,0.0008485865516088993
2021S05075350052.00,0.032096902522734325,0.03710068469588954,0.032096902522734325,0.005003782173155218,0.0
2021S05075350053.00,0.03110930552203481,0.031139110754778376,0.03110930552203481,2.9805232743564808e-05,0.0
2021S05075350054.00,0.019178781040370105,0.019178781040370105,0.019178781040370105,0.0,0.0
2021S05075350055.00,0.021480234765214514,0.021480234765214514,0.025343264840636495,0.0,0.003863030075421981
2021S05075350056.00,0.023208529516438668,0.024622015545682788,0.023516367116040944,0.0014134860292441195,0.00030783759960227586
2021S05075350057.00,0.019443315951271765,0.019443315951271765,0.019443315951271765,0.0,0.0
2021S05075350058.00,0.019674783998310717,0.02168097802082795,0.022541255372178094,0.002006194022517234,0.002866471373867377
2021S05075350059.00,0.02370232801678843,0.02370232801678843,0.02370232801678843,0.0,0.0
2021S05075350060.00,0.029627910020985537,0.029627910020985537,0.030059151644607564,0.0,0.0004312416236220279
2021S05075350061.00,0.012648838508959214,0.012925924957671144,0.012681151422128167,0.00027708644871192976,3.231291316895327e-05
2021S05075350062.01,0.029627910020985547,0.03162830877285001,0.030048897100518137,0.00200039875186446,0.00042098707953259
2021S05075350062.03,0.023109769816368718,0.024232641487418258,0.032742239561836604,0.0011228716710495398,0.009632469745467886
2021S05075350062.04,0.02793488659121494,0.05269736805479701,0.02793488659121494,0.024762481463582068,0.0
2021S05075350063.03,0.03433698181240047,0.03437960704234557,0.03433698181240047,4.262522994510215e-05,0.0
2021S05075350063.04,0.02757041626952821,0.048863841757291186,0.032151242902078575,0.021293425487762977,0.004580826632550366
2021S05075350063.05,0.02982542942112544,0.02982542942112544,0.0298991381231231,0.0,7.370870199766011e-05
2021S05075350063.06,0.03048051174820814,0.03202465422212868,0.03048051174820814,0.0015441424739205435,0.0
2021S05075350064.00,0.03924226492845768,0.04406138348015896,0.04148975586899639,0.004819118551701279,0.002247490940538714
2021S05075350065.01,0.03382994533646186,0.03382994533646186,0.03382994533646186,0.0,0.0
2021S05075350065.02,0.04166424846701091,0.04166424846701091,0.08159074360548361,0.0,0.039926495138472705
2021S05075350066.00,0.03817442252703907,0.03817442252703907,0.04933181094314747,0.0,0.011157388416108395
2021S05075350067.00,0.03256515972134186,0.03555978936160643,0.03400321397022938,0.002994629640264569,0.0014380542488875228
2021S05075350068.00,0.024936824267662826,0.028039883326300554,0.027633573485413655,0.0031030590586377284,0.0026967492177508295
2021S05075350069.00,0.033331398773608724,0.03493353476474512,0.033331398773608724,0.0016021359911363928,0.0
2021S05075350070.00,0.018081739203983826,0.021394074171185717,0.018793111314536218,0.0033123349672018916,0.0007113721105523919
2021S05075350071.00,0.025230017127245506,0.03286029078154992,0.025230017127245506,0.007630273654304416,0.0
2021S05075350072.01,0.022529556578457746,0.023392565033235092,0.022529556578457746,0.0008630084547773462,0.0
2021S05075350072.02,0.03568816434345985,0.03624533464243689,0.03568816434345985,0.0005571702989770402,0.0
2021S05075350073.00,0.029010661895548333,0.029010661895548333,0.03380165761189815,0.0,0.0047909957163498156
2021S05075350074.00,0.033331398773608724,0.03903300354593204,0.033564007671849694,0.005701604772323315,0.00023260889824096992
2021S05075350075.00,0.03296104989834641,0.03296104989834641,0.03296104989834641,0.0,0.0
2021S05075350076.00,0.03592384090044496,0.04676128040437078,0.03975249084669629,0.010837439503925822,0.0038286499462513307
2021S05075350077.00,0.03394864689904592,0.03674397660987923,0.035346163479263955,0.002795329710833308,0.0013975165802180348
2021S05075350078.00,0.02929122922529252,0.02929122922529252,0.029532499946407244,0.0,0.00024127072111472525
2021S05075350079.00,0.04666395828305222,0.06179575025537647,0.04666395828305222,0.015131791972324254,0.0
2021S05075350080.01,0.034442445399395685,0.034442445399395685,0.03667258331633193,0.0,0.0022301379169362423
2021S05075350080.02,0.03226601159819657,0.03226601159819657,0.03226601159819657,0.0,0.0
2021S05075350081.00,0.041479074029379746,0.04350867725931817,0.04155884598476603,0.0020296032299384204,7.977195538628329e-05
2021S05075350082.00,0.03549176721263892,0.0358795177957832,0.03596971234678898,0.00038775058314428207,0.00047794513415005957
2021S05075350083.00,0.023609740797972845,0.02776144173414735,0.023609740797972845,0.004151700936174504,0.0
2021S05075350084.00,0.027313229550596053,0.02769029093289057,0.027313229550596053,0.00037706138229451694,0.0
2021S05075350085.00,0.01876434301329084,0.021334853276980273,0.022380639103898647,0.002570510263689433,0.0036162960906078075
2021S05075350086.00,0.025739246830731186,0.0269885726637248,0.025739246830731186,0.001249325832993614,0.0
2021S05075350087.00,0.022369072065844094,0.024183046600509253,0.022369072065844094,0.0018139745346651588,0.0
2021S05075350088.00,0.033331398773608724,0.033331398773608724,0.033331398773608724,0.0,0.0
2021S05075350089.00,0.02592442126836234,0.026859646234563453,0.02592442126836234,0.000935224966201114,0.0
2021S05075350090.00,0.02814651451993628,0.030592649347673556,0.02814651451993628,0.002446134827737277,0.0
2021S05075350091.01,0.015184303885755087,0.0159847263137278,0.015209445963627886,0.0008004224279727114,2.5142077872799054e-05
2021S05075350091.02,0.013352051555509933,0.013352051555509933,0.013983043780991463,0.0,0.0006309922254815296
2021S05075350092.00,0.015554652761017406,0.01626230218516805,0.015554652761017406,0.0007076494241506446,0.0
2021S05075350093.00,0.026982560911968975,0.02808572226773859,0.026982560911968975,0.0011031613557696135,0.0
2021S05075350094.00,0.02563953751816057,0.02563953751816057,0.02563953751816057,0.0,0.0
2021S05075350095.00,0.027158917519236738,0.028733646212944247,0.027158917519236738,0.001574728693707509,0.0
2021S05075350096.01,0.03131131399945062,0.03131131399945062,0.03131131399945062,0.0,0.0
2021S05075350096.02,0.025183723517837722,0.025183723517837722,0.026220196357860794,0.0,0.001036472840023072
2021S05075350097.01,0.02499854908020654,0.02499854908020654,0.02499854908020654,0.0,0.0
2021S05075350097.03,0.03382519727395848,0.03382519727395848,0.03382519727395848,0.0,0.0
2021S05075350097.04,0.03415439627419167,0.0373137686567709,0.03415439627419167,0.003159372382579226,0.0
2021S05075350098.00,0.033701747648871044,0.038305394579408396,0.033701747648871044,0.0046036469305373515,0.0
2021S05075350099.00,0.021223839390032917,0.021223839390032917,0.02621361787494485,0.0,0.004989778484911934
2021S05075350100.00,0.043948066531128545,0.04970618869645669,0.043948066531128545,0.0057581221653281445,0.0
2021S05075350101.00,0.024072676892050754,0.024072676892050754,0.024072676892050754,0.0,0.0
2021S05075350102.02,0.03976502346566568,0.03976502346566568,0.060054400843515335,0.0,0.02028937737784965
2021S05075350102.03,0.03752868602658168,0.03752868602658168,0.03825496074819817,0.0,0.0007262747216164878
2021S05075350102.04,0.022632431266030626,0.022699020303149152,0.022632431266030626,6.658903711852585e-05,0.0
2021S05075350102.05,0.028146514519936258,0.028146514519936258,0.028146514519936258,0.0,0.0
2021S05075350103.00,0.034291562524288804,0.034291562524288804,0.034291562524288804,0.0,0.0
2021S05075350104.00,0.03678962337042907,0.03678962337042907,0.03678962337042907,0.0,0.0
2021S05075350105.00,0.03178827846001572,0.03178827846001572,0.03178827846001572,0.0,0.0
2021S05075350106.00,0.04114987502914659,0.041371995990402505,0.04487416643762732,0.0002221209612559144,0.003724291408480733
2021S05075350107.00,0.040738376278855126,0.040738376278855126,0.040738376278855126,0.0,0.0
2021S05075350108.00,0.028187664394965416,0.028187664394965416,0.029192686602859137,0.0,0.0010050222078937208
2021S05075350109.00,0.03976377397553323,0.04336822787597543,0.03976377397553323,0.0036044539004422005,0.0
2021S05075350110.00,0.033331398773608724,0.03663545031668204,0.033331398773608724,0.0033040515430733178,0.0
2021S05075350111.00,0.0381686085729533,0.0381686085729533,0.040307430752032206,0.0,0.002138822179078903
2021S05075350112.00,0.034442445399395685,0.04159727566922152,0.034442445399395685,0.007154830269825836,0.0
2021S05075350113.00,0.021526528374622312,0.023953849787466324,0.021526528374622312,0.002427321412844012,0.0
2021S05075350114.00,0.022648258141041835,0.022648258141041835,0.022952559949460025,0.0,0.0003043018084181899
2021S05075350115.00,0.03147965439729713,0.039743710281872485,0.03147965439729713,0.008264055884575357,0.0
2021S05075350116.00,0.02551292251807087,0.028927672066828967,0.02551292251807087,0.003414749548758096,0.0
2021S05075350117.00,0.0276527160195865,0.029704877009245633,0.0276527160195865,0.002052160989659133,0.0
2021S05075350118.00,0.019258141513640598,0.019258141513640598,0.021646061707878826,0.0,0.002387920194238228
2021S05075350119.00,0.018887792638378278,0.027306632831211413,0.018887792638378278,0.008418840192833135,0.0
2021S05075350120.00,0.03296104989834641,0.0336023663575467,0.03662941453549533,0.0006413164592002918,0.0036683646371489173
2021S05075350121.00,0.028917651904044103,0.03285610839718415,0.03126898711577494,0.003938456493140046,0.0023513352117308407
2021S05075350122.00,0.0199576893891361,0.0199576893891361,0.0199576893891361,0.0,0.0
2021S05075350123.00,0.0432073687806039,0.04816208438017716,0.0432073687806039,0.0049547155995732645,0.0
2021S05075350124.00,0.02271473101608891,0.02578690425560732,0.035822688610233445,0.0030721732395184095,0.013107957594144536
2021S05075350125.00,0.03412500350631371,0.03412500350631371,0.03412500350631371,0.0,0.0
2021S05075350126.00,0.03555349202518264,0.03555349202518264,0.03555349202518264,0.0,0.0
2021S05075350127.00,0.0328653968775833,0.03531417370684576,0.0328653968775833,0.002448776829262457,0.0
2021S05075350128.02,0.03796075971438773,0.045520671841123655,0.03796075971438773,0.007559912126735922,0.0
2021S05075350128.04,0.04086608278756625,0.04086608278756625,0.04086608278756625,0.0,0.0
2021S05075350128.05,0.02501694389189177,0.025525259040561223,0.054338583457307035,0.000508315148669454,0.029321639565415267
2021S05075350128.06,0.03629418977570728,0.05646017749546841,0.03629418977570728,0.02016598771976113,0.0
2021S05075350129.00,0.020369188139427556,0.0204232060652966,0.021069465635830946,5.401792586904458e-05,0.0007002774964033898
2021S05075350130.00,0.01779126949789572,0.022654276377244688,0.01779126949789572,0.004863006879348968,0.0
2021S05075350131.00,0.014567055760317887,0.015504382339032431,0.014567055760317887,0.0009373265787145438,0.0
2021S05075350132.00,0.018363131731756657,0.018363131731756657,0.020327097245083782,0.0,0.0019639655133271254
2021S05075350133.00,0.01435101891641487,0.01435101891641487,0.01724681120101958,0.0,0.002895792284604711
2021S05075350134.00,0.03313647831294436,0.03659915341019544,0.033672587260776855,0.0034626750972510806,0.0005361089478324935
2021S05075350135.00,0.018980379857193867,0.018980379857193867,0.018980379857193867,0.0,0.0
2021S05075350136.01,0.03240552658545294,0.05729124172436648,0.03240552658545294,0.024885715138913543,0.0
2021S05075350136.02,0.03703488752623193,0.040682809049405626,0.03703488752623193,0.0036479215231736972,0.0
2021S05075350137.00,0.02182850986645458,0.02182850986645458,0.02182850986645458,0.0,0.0
2021S05075350138.00,0.02394922726696331,0.025851737110842047,0.02394922726696331,0.0019025098438787379,0.0
2021S05075350139.01,0.021831091594410403,0.021831091594410403,0.021831091594410403,0.0,0.0
2021S05075350139.02,0.0293316309207757,0.0293316309207757,0.0293316309207757,0.0,0.0
2021S05075350140.00,0.035306592775007764,0.035306592775007764,0.035306592775007764,0.0,0.0
2021S05075350141.01,0.0365991829670998,0.0365991829670998,0.0365991829670998,0.0,0.0
2021S05075350141.02,0.0386808825273978,0.0386808825273978,0.0386808825273978,0.0,0.0
2021S05075350142.00,0.029432989560321168,0.03127384594109305,0.029432989560321168,0.0018408563807718846,0.0
2021S05075350150.00,0.03572777384883551,0.03572777384883551,0.03572777384883551,0.0,0.0
2021S05075350151.00,0.024443025767313067,0.024443025767313067,0.024443025767313067,0.0,0.0
2021S05075350152.00,0.04012112815341791,0.04012112815341791,0.04012112815341791,0.0,0.0
2021S05075350153.00,0.03834200120362836,0.042099515261730565,0.03834200120362836,0.003757514058102207,0.0
2021S05075350154.00,0.03703488752623192,0.03703488752623192,0.03703488752623192,0.0,0.0
2021S05075350155.00,0.025371026397280717,0.028860951124215627,0.025371026397280717,0.00348992472693491,0.0
2021S05075350156.01,0.02405089166409415,0.02405089166409415,0.02405089166409415,0.0,0.0
2021S05075350156.02,0.03398495561230695,0.03411322849828824,0.03398495561230695,0.00012827288598128705,0.0
2021S05075350157.00,0.03531803843561191,0.04013405924400638,0.03531803843561191,0.004816020808394467,0.0
2021S05075350158.00,0.028254430748489528,0.029065447562904922,0.028254430748489528,0.000811016814415394,0.0
2021S05075350159.01,0.03415439627419167,0.03723226864607423,0.03415439627419167,0.003077872371882555,0.0
2021S05075350159.02,0.036211890025649,0.036211890025649,0.036211890025649,0.0,0.0
2021S05075350160.00,0.03469584199825939,0.03476567898667913,0.03469584199825939,6.983698841973862e-05,0.0
2021S05075350161.00,0.03352631923427312,0.037933651749896796,0.03352631923427312,0.004407332515623676,0.0
2021S05075350162.00,0.030337088718296365,0.033357137751714415,0.030337088718296365,0.00302004903341805,0.0
2021S05075350163.00,0.028617867633906485,0.03048099369567984,0.028617867633906485,0.001863126061773357,0.0
2021S05075350164.00,0.03296104989834641,0.03296104989834641,0.03296104989834641,0.0,0.0
2021S05075350165.00,0.02296163026626379,0.025597634052593153,0.02296163026626379,0.002636003786329364,0.0
2021S05075350166.00,0.019359145752348504,0.021583214687644875,0.019359145752348504,0.002224068935296371,0.0
2021S05075350167.01,0.02491437888128329,0.02491437888128329,0.02491437888128329,0.0,0.0
2021S05075350167.02,0.01620276329272647,0.016247986972422166,0.01620276329272647,4.5223679695696045e-05,0.0
2021S05075350168.00,0.023887502454419587,0.027325602358216034,0.023887502454419587,0.0034380999037964474,0.0
2021S05075350169.01,0.03456589502448314,0.035749440598400954,0.03456589502448314,0.0011835455739178172,0.0
2021S05075350169.02,0.041796515922461745,0.044094249866517915,0.041796515922461745,0.0022977339440561698,0.0
2021S05075350170.00,0.03456589502448314,0.041952006301166744,0.03456589502448314,0.007386111276683607,0.0
2021S05075350171.00,0.02695316814409102,0.02700746032599191,0.02695316814409102,5.429218190089111e-05,0.0
2021S05075350172.00,0.018270544512941078,0.020480828025282276,0.018270544512941078,0.0022102835123411976,0.0
2021S05075350173.00,0.02925756114572323,0.03069119098996306,0.02925756114572323,0.0014336298442398296,0.0
2021S05075350174.00,0.04897729690969077,0.0547355030356682,0.04897729690969077,0.005758206125977432,0.0
2021S05075350175.01,0.034869771024698376,0.034869771024698376,0.034869771024698376,0.0,0.0
2021S05075350175.02,0.029839537949706868,0.032633188827151806,0.029839537949706868,0.002793650877444938,0.0
2021S05075350176.00,0.03592384090044496,0.03592384090044496,0.03592384090044496,0.0,0.0
2021S05075350180.00,0.027288864493013,0.02924386696074899,0.027288864493013,0.0019550024677359897,0.0
2021S05075350181.01,0.04073837627885511,0.04073837627885511,0.04073837627885511,0.0,0.0
2021S05075350181.02,0.030368607771510174,0.04352255992500226,0.030368607771510174,0.013153952153492084,0.0
2021S05075350182.00,0.04333081840569135,0.05045000827215314,0.04333081840569135,0.007119189866461789,0.0
2021S05075350183.01,0.03271415064817152,0.0349208400265756,0.03271415064817152,0.0022066893784040767,0.0
2021S05075350183.02,0.04407151615621598,0.046990511291551046,0.04407151615621598,0.0029189951353350632,0.0
2021S05075350184.01,0.02759099120704278,0.02759099120704278,0.02759099120704278,0.0,0.0
2021S05075350184.02,0.02760782524682743,0.02760782524682743,0.02760782524682743,0.0,0.0
2021S05075350185.01,0.02218756775220201,0.02218756775220201,0.02218756775220201,0.0,0.0
2021S05075350185.02,0.025218994839291263,0.025218994839291263,0.025218994839291263,0.0,0.0
2021S05075350186.00,0.02180943376544768,0.02180943376544768,0.02180943376544768,0.0,0.0
2021S05075350187.00,0.03641763940079472,0.03854955564408637,0.03641763940079472,0.0021319162432916483,0.0
2021S05075350188.00,0.033331398773608724,0.039141940078078585,0.033331398773608724,0.0058105413044698614,0.0
2021S05075350189.00,0.02740581676941162,0.028620633606674415,0.02740581676941162,0.0012148168372627943,0.0
2021S05075350190.01,0.0590794634347033,0.0590794634347033,0.0590794634347033,0.0,0.0
2021S05075350190.02,0.02514473942570484,0.02514473942570484,0.02514473942570484,0.0,0.0
2021S05075350191.00,0.03259070102308409,0.03376031907303247,0.03259070102308409,0.001169618049948383,0.0
2021S05075350192.00,0.023043930016322094,0.025040942197556572,0.023043930016322094,0.001997012181234478,0.0
2021S05075350193.00,0.028640313020286016,0.028640313020286016,0.028640313020286016,0.0,0.0
2021S05075350194.01,0.043945382843626646,0.043945382843626646,0.043945382843626646,0.0,0.0
2021S05075350194.02,0.03500123890103322,0.03500123890103322,0.03500123890103322,0.0,0.0
2021S05075350194.03,0.02318756409390378,0.02318756409390378,0.02318756409390378,0.0,0.0
2021S05075350194.04,0.05497366117175051,0.05497366117175051,0.05497366117175051,0.0,0.0
2021S05075350195.01,0.03333139877360874,0.03333139877360874,0.03333139877360874,0.0,0.0
2021S05075350195.02,0.037299422437133585,0.037299422437133585,0.037299422437133585,0.0,0.0
2021S05075350196.01,0.025554072393100025,0.025554072393100025,0.026342599452620637,0.0,0.0007885270595206113
2021S05075350196.02,0.02740581676941162,0.027464098156004754,0.02740581676941162,5.828138659313281e-05,0.0
2021S05075350200.01,0.0359767478826253,0.04668250721607361,0.0359767478826253,0.010705759333448306,0.0
2021S05075350200.02,0.0167891490118918,0.0167891490118918,0.01911999505592166,0.0,0.0023308460440298606
2021S05075350201.00,0.032919900023317274,0.032919900023317274,0.032919900023317274,0.0,0.0
2021S05075350202.00,0.03456589502448312,0.03456589502448312,0.03800207416493535,0.0,0.0034361791404522238
2021S05075350203.00,0.033331398773608724,0.033331398773608724,0.033331398773608724,0.0,0.0
2021S05075350204.00,0.02870203783282974,0.02870203783282974,0.029892623826065792,0.0,0.0011905859932360534
2021S05075350206.01,0.03456589502448314,0.03456589502448314,0.03774860664014351,0.0,0.0031827116156603746
2021S05075350206.02,0.02727114445113441,0.029413649677502395,0.027848828329707837,0.002142505226367983,0.0005776838785734248
2021S05075350207.00,0.03261595208276107,0.03261595208276107,0.03261595208276107,0.0,0.0
2021S05075350208.00,0.025096582606011286,0.025096582606011286,0.025096582606011286,0.0,0.0
2021S05075350209.00,0.022813490716158864,0.03027670075029516,0.022813490716158864,0.007463210034136296,0.0
2021S05075350210.01,0.04578858821425037,0.04591705074747553,0.04578858821425037,0.00012846253322515433,0.0
2021S05075350210.03,0.051848842536724705,0.08444786569186984,0.11242427454822805,0.03259902315514513,0.060575432011503345
2021S05075350210.04,0.047425971076757424,0.04787953109570782,0.047425971076757424,0.0004535600189503955,0.0
2021S05075350211.00,0.037405236401494235,0.0529172491101595,0.037405236401494235,0.015512012708665264,0.0
2021S05075350212.00,0.04221977177990439,0.043805978585994436,0.04221977177990439,0.0015862068060900486,0.0
2021S05075350213.01,0.03518314314992032,0.03518314314992032,0.03518314314992032,0.0,0.0
2021S05075350213.02,0.05555233128934787,0.06443321139335266,0.05555233128934787,0.008880880104004792,0.0
2021S05075350214.00,0.04583067331371202,0.04591207620173883,0.04583067331371202,8.140288802681306e-05,0.0
2021S05075350215.00,0.03602484513915287,0.03602484513915287,0.03602484513915287,0.0,0.0
2021S05075350216.00,0.03433698181240047,0.034430028081709176,0.03433698181240047,9.304626930870669e-05,0.0
2021S05075350217.00,0.023257909366473647,0.026677271548629714,0.023257909366473647,0.0034193621821560667,0.0
2021S05075350218.00,0.03703488752623192,0.0373729681357413,0.03703488752623192,0.000338080609509378,0.0
2021S05075350219.00,0.0359767478826253,0.03646950870633875,0.0359767478826253,0.0004927608237134465,0.0
2021S05075350220.00,0.0346781219563808,0.035734891897158186,0.0346781219563808,0.0010567699407773856,0.0
2021S05075350221.01,0.05234264103707444,0.05234264103707444,0.05234264103707444,0.0,0.0
2021S05075350221.02,0.03749782362030984,0.03749782362030984,0.03749782362030984,0.0,0.0
2021S05075350222.01,0.05237791235852801,0.05237791235852801,0.05237791235852801,0.0,0.0
2021S05075350222.02,0.023866927516905008,0.024742336624363124,0.023866927516905008,0.0008754091074581159,0.0
2021S05075350223.01,0.03950388002798071,0.04014106299872073,0.03950388002798071,0.0006371829707400162,0.0
2021S05075350223.02,0.04187791127966226,0.04187791127966226,0.04187791127966226,0.0,0.0
2021S05075350224.00,0.037034887526231935,0.04349420021273483,0.037034887526231935,0.006459312686502898,0.0
2021S05075350225.01,0.034442445399395685,0.034442445399395685,0.034442445399395685,0.0,0.0
2021S05075350225.02,0.04937985003497588,0.11099951310977667,0.04937985003497588,0.06161966307480079,0.0
2021S05075350226.00,0.04032687752856366,0.04032687752856366,0.04032687752856366,0.0,0.0
2021S05075350227.00,0.03838161070900399,0.03838161070900399,0.03838161070900399,0.0,0.0
2021S05075350228.00,0.029880420617755303,0.03346545652691149,0.029880420617755303,0.003585035909156188,0.0
2021S05075350229.00,0.04154348252942538,0.04154348252942538,0.04154348252942538,0.0,0.0
2021S05075350230.01,0.018702618200747118,0.0218281715139948,0.018702618200747118,0.003125553313247681,0.0
2021S05075350230.02,0.03838982243572821,0.03838982243572821,0.03838982243572821,0.0,0.0
2021S05075350231.00,0.023887502454419587,0.023887502454419587,0.023887502454419587,0.0,0.0
2021S05075350232.00,0.038516283027281197,0.038516283027281197,0.038516283027281197,0.0,0.0
2021S05075350233.00,0.03465407332811702,0.03752805091041332,0.03465407332811702,0.0028739775822963012,0.0
2021S05075350234.00,0.040401695483162095,0.04142347899767437,0.040401695483162095,0.0010217835145122783,0.0
2021S05075350235.01,0.04777500490883917,0.050979685085057326,0.04777500490883917,0.0032046801762181526,0.0
2021S05075350235.02,0.04868922276175944,0.04868922276175944,0.04868922276175944,0.0,0.0
2021S05075350236.01,0.05308333878759908,0.05308333878759908,0.05308333878759908,0.0,0.0
2021S05075350236.02,0.04361886753089539,0.04361886753089539,0.04361886753089539,0.0,0.0
2021S05075350237.01,0.03425727096176454,0.03425727096176454,0.03425727096176454,0.0,0.0
2021S05075350237.02,0.04073837627885511,0.04073837627885511,0.04073837627885511,0.0,0.0
2021S05075350237.03,0.029072386708092056,0.041952945576026426,0.029072386708092056,0.01288055886793437,0.0
2021S05075350238.01,0.034636945168418344,0.034636945168418344,0.034636945168418344,0.0,0.0
2021S05075350238.02,0.03415439627419167,0.03415439627419167,0.03415439627419167,0.0,0.0
2021S05075350239.00,0.03110930552203481,0.03165979377285013,0.03110930552203481,0.0005504882508153182,0.0
2021S05075350240.01,0.04104700034157371,0.042068497595000386,0.04104700034157371,0.0010214972534266786,0.0
2021S05075350240.02,0.038516283027281197,0.04205637999823702,0.038516283027281197,0.003540096970955822,0.0
2021S05075350241.00,0.037034887526231915,0.037034887526231915,0.037034887526231915,0.0,0.0
2021S05075350242.00,0.026665119018886983,0.026665119018886983,0.026665119018886983,0.0,0.0
2021S05075350243.01,0.06619986145313958,0.06619986145313958,0.06619986145313958,0.0,0.0
2021S05075350243.02,0.029442735583354376,0.0343594710882653,0.029442735583354376,0.004916735504910924,0.0
2021S05075350244.01,0.038269383777106335,0.04326038168162611,0.038269383777106335,0.0049909979045197755,0.0
2021S05075350244.02,0.062000369742575764,0.062000369742575764,0.062000369742575764,0.0,0.0
2021S05075350245.00,0.03202428509621232,0.039925998074336326,0.03202428509621232,0.007901712978124004,0.0
2021S05075350246.00,0.0349773937747746,0.04161486290048953,0.0349773937747746,0.0066374691257149315,0.0
2021S05075350247.01,0.040738376278855126,0.06958029300623733,0.040738376278855126,0.028841916727382205,0.0
2021S05075350247.02,0.0386808825273978,0.0413693900727449,0.0386808825273978,0.0026885075453471005,0.0
2021S05075350248.02,0.03303831692987596,0.03418408178153899,0.03303831692987596,0.0011457648516630323,0.0
2021S05075350248.03,0.05237791235852801,0.05237791235852801,0.05237791235852801,0.0,0.0
2021S05075350248.04,0.03926590484708928,0.041315115594072555,0.03926590484708928,0.0020492107469832765,0.0
2021S05075350248.05,0.04120131237293303,0.04120131237293303,0.04120131237293303,0.0,0.0
2021S05075350249.01,0.041972872529729525,0.041972872529729525,0.041972872529729525,0.0,0.0
2021S05075350249.03,0.04490480112555622,0.05540712410615246,0.04490480112555622,0.010502322980596238,0.0
2021S05075350249.04,0.038269383777106335,0.038269383777106335,0.038269383777106335,0.0,0.0
2021S05075350249.05,0.051635179724073346,0.053798184957927875,0.051635179724073346,0.0021630052338545286,0.0
2021S05075350250.01,0.035800391275357536,0.036193314816356015,0.035800391275357536,0.00039292354099847854,0.0
2021S05075350250.02,0.03313647831294436,0.03313647831294436,0.03313647831294436,0.0,0.0
2021S05075350250.04,0.055922680164610196,0.055922680164610196,0.055922680164610196,0.0,0.0
2021S05075350250.05,0.05481163353882324,0.05701771190945017,0.05481163353882324,0.002206078370626925,0.0
2021S05075350260.01,0.06228594720320824,0.06995063818218218,0.06228594720320824,0.007664690978973938,0.0
2021S05075350260.04,0.03030551014525901,0.03030551014525901,0.03030551014525901,0.0,0.0
2021S05075350260.05,0.026545824392400105,0.026901605469069497,0.026545824392400105,0.0003557810766693925,0.0
2021S05075350260.06,0.04509893561662114,0.05214544446087431,0.06230688496061926,0.007046508844253167,0.017207949343998115
2021S05075350260.07,0.05681488427319669,0.05681488427319669,0.05681488427319669,0.0,0.0
2021S05075350261.00,0.04503442323189801,0.04503442323189801,0.04503442323189801,0.0,0.0
2021S05075350262.01,0.038459306277240854,0.03925257921317204,0.038459306277240854,0.0007932729359311844,0.0
2021S05075350262.02,0.023146804703894946,0.023146804703894946,0.023146804703894946,0.0,0.0
2021S05075350263.02,0.041664248467010924,0.041664248467010924,0.041664248467010924,0.0,0.0
2021S05075350263.03,0.029627910020985537,0.03381610202659168,0.029627910020985537,0.004188192005606144,0.0
2021S05075350263.04,0.04691085753322709,0.04691085753322709,0.04691085753322709,0.0,0.0
2021S05075350264.00,0.01673976916185684,0.022808218659166983,0.01673976916185684,0.0060684494973101445,0.0
2021S05075350265.00,0.030220468221405266,0.03385951607646618,0.030220468221405266,0.003639047855060914,0.0
2021S05075350266.00,0.02296163026626379,0.02344624203818265,0.02296163026626379,0.00048461177191886154,0.0
2021S05075350267.00,0.02153510126525337,0.02153510126525337,0.02153510126525337,0.0,0.0
2021S05075350268.00,0.02962791002098553,0.030040070383197,0.02962791002098553,0.00041216036221147084,0.0
2021S05075350269.01,0.0447504890941969,0.0447504890941969,0.0447504890941969,0.0,0.0
2021S05075350269.02,0.03431899577430825,0.03431899577430825,0.03431899577430825,0.0,0.0
2021S05075350270.01,0.03147965439729713,0.03147965439729713,0.03147965439729713,0.0,0.0
2021S05075350270.02,0.02271473101608891,0.02324911873182466,0.02271473101608891,0.0005343877157357492,0.0
2021S05075350271.01,0.04036802740359279,0.05615907781249408,0.04036802740359279,0.01579105040890129,0.0
2021S05075350271.02,0.020739537014689873,0.020739537014689873,0.020739537014689873,0.0,0.0
2021S05075350272.01,0.03115287597794804,0.03295057248068082,0.03115287597794804,0.0017976965027327804,0.0
2021S05075350272.02,0.041664248467010924,0.041664248467010924,0.041664248467010924,0.0,0.0
2021S05075350273.01,0.022369072065844094,0.02428779179562718,0.022369072065844094,0.001918719729783084,0.0
2021S05075350273.02,0.02093276251482674,0.02093276251482674,0.02093276251482674,0.0,0.0
2021S05075350274.01,0.013623547911435316,0.01437585353119474,0.013623547911435316,0.0007523056197594243,0.0
2021S05075350274.02,0.026418219768712104,0.03102710609458273,0.026418219768712104,0.004608886325870625,0.0
2021S05075350275.00,0.02059139746458496,0.02059139746458496,0.02059139746458496,0.0,0.0
2021S05075350276.01,0.01944331595127176,0.019818382237346624,0.01944331595127176,0.0003750662860748655,0.0
2021S05075350276.02,0.026407485018704505,0.036668428973087745,0.026407485018704505,0.01026094395438324,0.0
2021S05075350277.00,0.025183723517837722,0.025183723517837722,0.025183723517837722,0.0,0.0
2021S05075350278.00,0.019134691888553167,0.019134691888553167,0.019134691888553167,0.0,0.0
2021S05075350279.01,0.025924421268362353,0.02649539724057098,0.025924421268362353,0.0005709759722086274,0.0
2021S05075350279.02,0.03065665689671421,0.03204469210589136,0.03065665689671421,0.001388035209177147,0.0
2021S05075350280.00,0.027288864493013,0.027288864493013,0.027288864493013,0.0,0.0
2021S05075350281.01,0.03045090752156848,0.03270986661099442,0.03045090752156848,0.0022589590894259402,0.0
2021S05075350281.02,0.05851512229144643,0.05851512229144643,0.05851512229144643,0.0,0.0
2021S05075350282.00,0.042795870030312454,0.04481235585112036,0.042795870030312454,0.002016485820807906,0.0
2021S05075350283.01,0.025554072393100025,0.025554072393100025,0.025554072393100025,0.0,0.0
2021S05075350283.02,0.02162837431531944,0.022725836935748103,0.02162837431531944,0.0010974626204286637,0.0
2021S05075350284.00,0.029998258896247854,0.03210288224455982,0.029998258896247854,0.0021046233483119695,0.0
2021S05075350285.00,0.03185000327255945,0.035889753450411614,0.03185000327255945,0.004039750177852165,0.0
2021S05075350286.00,0.044441865031478324,0.04678726905440668,0.044441865031478324,0.002345404022928356,0.0
2021S05075350287.02,0.032919900023317274,0.032919900023317274,0.032919900023317274,0.0,0.0
2021S05075350287.03,0.035480976161494905,0.035480976161494905,0.035480976161494905,0.0,0.0
2021S05075350287.04,0.029627910020985547,0.029627910020985547,0.029627910020985547,0.0,0.0
2021S05075350288.00,0.030738956646772495,0.050751264203541445,0.05630262550949696,0.02001230755676895,0.025563668862724466
2021S05075350289.00,0.03185000327255945,0.03185000327255945,0.03185000327255945,0.0,0.0
2021S05075350290.01,0.026509182650355487,0.027025666387035886,0.026509182650355487,0.0005164837366803988,0.0
2021S05075350290.02,0.05777442454092179,0.05777442454092179,0.05777442454092179,0.0,0.0
2021S05075350291.02,0.025183723517837705,0.029340159188419822,0.025183723517837705,0.004156435670582118,0.0
2021S05075350291.03,0.03065665689671421,0.03065665689671421,0.03065665689671421,0.0,0.0
2021S05075350291.04,0.029010661895548347,0.029010661895548347,0.029010661895548347,0.0,0.0
2021S05075350292.00,0.03442066017143909,0.04439802626529467,0.03442066017143909,0.009977366093855577,0.0
2021S05075350293.00,0.040738376278855126,0.04076257525525491,0.040738376278855126,2.4198976399783523e-05,0.0
2021S05075350294.01,0.02833168895756742,0.03176639582640485,0.02833168895756742,0.0034347068688374317,0.0
2021S05075350294.02,0.042127184561088826,0.042127184561088826,0.042127184561088826,0.0,0.0
2021S05075350295.00,0.032919900023317274,0.032919900023317274,0.032919900023317274,0.0,0.0
2021S05075350296.00,0.043207368780603925,0.1864932732901136,0.043207368780603925,0.14328590450950968,0.0
2021S05075350297.01,0.03934956799662143,0.039985621555640255,0.03934956799662143,0.0006360535590188218,0.0
2021S05075350297.02,0.027847938682515477,0.029161292335450353,0.027847938682515477,0.001313353652934876,0.0
2021S05075350298.00,0.022406106953370312,0.025875561951047416,0.022406106953370312,0.0034694549976771044,0.0
2021S05075350299.01,0.023195534819061052,0.023195534819061052,0.023195534819061052,0.0,0.0
2021S05075350299.02,0.04153198101156009,0.04153198101156009,0.04177298591798262,0.0,0.0002410049064225303
2021S05075350300.01,0.03677035261533027,0.05142914840300088,0.0391203230912212,0.014658795787670605,0.0023499704758909307
2021S05075350300.02,0.05052821864044046,0.06040737131230505,0.05052821864044046,0.009879152671864594,0.0
2021S05075350300.03,0.037775585276756556,0.03888600426145891,0.037775585276756556,0.0011104189847023563,0.0
2021S05075350301.01,0.025677522018187463,0.02897768287638319,0.025677522018187463,0.003300160858195726,0.0
2021S05075350301.03,0.04752810565866429,0.059871005621323685,0.047631600046220114,0.012342899962659394,0.00010349438755582335
2021S05075350301.04,0.04721948159594569,0.0579413732000754,0.04721948159594569,0.010721891604129709,0.0
2021S05075350302.01,0.038269383777106335,0.03982595413956692,0.038269383777106335,0.0015565703624605826,0.0
2021S05075350302.02,0.03222035214782177,0.03222035214782177,0.03222035214782177,0.0,0.0
2021S05075350302.03,0.03352631923427312,0.03352631923427312,0.03352631923427312,0.0,0.0
2021S05075350303.00,0.03472020705584244,0.04958323586400113,0.03472020705584244,0.014863028808158693,0.0
2021S05075350304.01,0.03703488752623193,0.03703488752623193,0.03703488752623193,0.0,0.0
2021S05075350304.02,0.03737156832192494,0.041607454436214865,0.03737156832192494,0.004235886114289926,0.0
2021S05075350304.03,0.05054172885932829,0.05054172885932829,0.05054172885932829,0.0,0.0
2021S05075350304.04,0.04076502008283082,0.04076502008283082,0.04076502008283082,0.0,0.0
2021S05075350304.05,0.037886264250972884,0.04454892437639625,0.037886264250972884,0.006662660125423367,0.0
2021S05075350304.06,0.04497093485328163,0.04497093485328163,0.04497093485328163,0.0,0.0
2021S05075350305.01,0.024443025767313067,0.024443025767313067,0.024443025767313067,0.0,0.0
2021S05075350305.03,0.03185000327255945,0.03709069561908951,0.03185000327255945,0.00524069234653006,0.0
2021S05075350305.05,0.04660223347050849,0.04660223347050849,0.07500253856313388,0.0,0.028400305092625387
2021S05075350305.06,0.0425901206551667,0.042924972579470214,0.0425901206551667,0.0003348519243035128,0.0
2021S05075350306.01,0.017591571574960163,0.017591571574960163,0.017591571574960163,0.0,0.0
2021S05075350306.02,0.019258141513640598,0.019258141513640598,0.019258141513640598,0.0,0.0
2021S05075350307.03,0.036505817704428616,0.037581650925636825,0.036505817704428616,0.0010758332212082097,0.0
2021S05075350307.04,0.041796515922461745,0.041796515922461745,0.06384238196783082,0.0,0.022045866045369074
2021S05075350307.05,0.04562268753231469,0.04562268753231469,0.04562268753231469,0.0,0.0
2021S05075350307.06,0.03964297819709331,0.03964297819709331,0.03964297819709331,0.0,0.0
2021S05075350307.07,0.020832124233505462,0.020832124233505462,0.020832124233505462,0.0,0.0
2021S05075350308.02,0.02575273635930035,0.02575273635930035,0.02575273635930035,0.0,0.0
2021S05075350308.03,0.028187664394965416,0.028701347926515703,0.028187664394965416,0.0005136835315502873,0.0
2021S05075350308.05,0.026665119018886983,0.026665119018886983,0.026665119018886983,0.0,0.0
2021S05075350308.06,0.039029073777644425,0.05420643754746491,0.039029073777644425,0.015177363769820484,0.0
2021S05075350308.07,0.029627910020985544,0.029627910020985544,0.04091030983766718,0.0,0.011282399816681634
2021S05075350309.00,0.03541461119695929,0.035436726791238445,0.03541461119695929,2.211559427915677e-05,0.0
2021S05075350310.01,0.032008724219100455,0.032008724219100455,0.032008724219100455,0.0,0.0
2021S05075350310.02,0.025069770017757002,0.025069770017757002,0.025069770017757002,0.0,0.0
2021S05075350311.02,0.03115287597794804,0.03272560842622482,0.03115287597794804,0.001572732448276784,0.0
2021S05075350311.03,0.0327466373916156,0.033548747990274054,0.0327466373916156,0.0008021105986584509,0.0
2021S05075350311.04,0.03749782362030984,0.03749782362030984,0.03749782362030984,0.0,0.0
2021S05075350311.05,0.055552331289347875,0.055552331289347875,0.055552331289347875,0.0,0.0
2021S05075350311.06,0.04187791127966226,0.05990706065463724,0.04187791127966226,0.018029149374974976,0.0
2021S05075350312.02,0.04629360940778989,0.04629360940778989,0.04633146676815959,0.0,3.785736036970161e-05
2021S05075350312.03,0.03333139877360874,0.03718409918835722,0.03333139877360874,0.003852700414748479,0.0
2021S05075350312.04,0.03147965439729714,0.03420368626164537,0.03147965439729714,0.0027240318643482267,0.0
2021S05075350312.05,0.04355302773084874,0.045750544446992156,0.04355302773084874,0.002197516716143419,0.0
2021S05075350312.06,0.03472020705584244,0.03472020705584244,0.03472020705584244,0.0,0.0
2021S05075350312.07,0.022550131515972332,0.028695256037563417,0.022550131515972332,0.006145124521591085,0.0
2021S05075350313.00,0.03934956799662143,0.04162361114950221,0.03934956799662143,0.002274043152880774,0.0
2021S05075350314.01,0.049256400409888455,0.05550474940702724,0.049256400409888455,0.006248348997138782,0.0
2021S05075350314.02,0.03981250409069933,0.04102340996517507,0.04266789574951467,0.00121090587447574,0.0028553916588153413
2021S05075350315.01,0.03909238127768926,0.03914794745865965,0.03909238127768926,5.556618097038446e-05,0.0
2021S05075350315.02,0.03677035261533027,0.039513328507369154,0.03677035261533027,0.002742975892038882,0.0
2021S05075350315.03,0.03420280789187302,0.03420280789187302,0.03420280789187302,0.0,0.0
2021S05075350316.01,0.03616347840796765,0.03616347840796765,0.03616347840796765,0.0,0.0
2021S05075350316.03,0.040429752216136504,0.040429752216136504,0.040429752216136504,0.0,0.0
2021S05075350316.04,0.06172481254371986,0.0639204044642844,0.06172481254371986,0.002195591920564545,0.0
2021S05075350316.05,0.0435159928433225,0.0435159928433225,0.0435159928433225,0.0,0.0
2021S05075350316.06,0.04427479035090883,0.051148542146262514,0.04427479035090883,0.006873751795353683,0.0
2021S05075350317.02,0.036541089025882156,0.036541089025882156,0.036541089025882156,0.0,0.0
2021S05075350317.03,0.03925698077780584,0.04341021576860303,0.03925698077780584,0.004153234990797193,0.0
2021S05075350317.04,0.049379850034975886,0.049379850034975886,0.049379850034975886,0.0,0.0
2021S05075350317.05,0.03834200120362836,0.03834200120362836,0.03834200120362836,0.0,0.0
2021S05075350318.01,0.02649418876876592,0.03928702700025241,0.02649418876876592,0.01279283823148649,0.0
2021S05075350318.02,0.03580039127535752,0.042973652771108636,0.03580039127535752,0.007173261495751114,0.0
2021S05075350319.00,0.020245738514340115,0.026097237528500575,0.020245738514340115,0.005851499014160461,0.0
2021S05075350320.01,0.024072676892050747,0.024072676892050747,0.024072676892050747,0.0,0.0
2021S05075350320.02,0.04285465556606837,0.045746864319938844,0.04285465556606837,0.0028922087538704733,0.0
2021S05075350321.01,0.021192185640010495,0.023749570494460914,0.021192185640010495,0.0025573848544504195,0.0
2021S05075350321.02,0.0174886968873873,0.0174886968873873,0.0174886968873873,0.0,0.0
2021S05075350322.01,0.0432073687806039,0.04726129793755937,0.0432073687806039,0.004053929156955474,0.0
2021S05075350322.02,0.01805450766903807,0.01851127149402169,0.01805450766903807,0.000456763824983622,0.0
2021S05075350323.01,0.026850293456518137,0.029110466235897005,0.026850293456518137,0.0022601727793788683,0.0
2021S05075350323.02,0.024771679736088906,0.024771679736088906,0.024771679736088906,0.0,0.0
2021S05075350324.01,0.033701747648871044,0.033701747648871044,0.033701747648871044,0.0,0.0
2021S05075350324.02,0.026850293456518137,0.026868476447695713,0.026850293456518137,1.8182991177576047e-05,0.0
2021S05075350324.03,0.03456589502448314,0.03456589502448314,0.03456589502448314,0.0,0.0
2021S05075350324.05,0.03356286682064769,0.03356286682064769,0.03356286682064769,0.0,0.0
2021S05075350324.06,0.04937985003497589,0.05378427198418386,0.04937985003497589,0.004404421949207968,0.0
2021S05075350330.00,0.037775585276756556,0.037775585276756556,0.037775585276756556,0.0,0.0
2021S05075350331.01,0.04721948159594572,0.049156146626494375,0.04721948159594572,0.001936665030548658,0.0
2021S05075350331.03,0.05333023803777397,0.05333023803777397,0.05333023803777397,0.0,0.0
2021S05075350331.04,0.06518140204616818,0.06518140204616818,0.06518140204616818,0.0,0.0
2021S05075350332.00,0.02925756114572323,0.02925756114572323,0.02925756114572323,0.0,0.0
2021S05075350333.00,0.03925698077780584,0.04227084185976316,0.03925698077780584,0.0030138610819573225,0.0
2021S05075350334.00,0.03857800783982491,0.04149263694415062,0.03857800783982491,0.0029146291043257097,0.0
2021S05075350335.00,0.029432989560321168,0.03063783737718165,0.029432989560321168,0.001204847816860484,0.0
2021S05075350336.00,0.03950388002798073,0.03950388002798073,0.03950388002798073,0.0,0.0
2021S05075350337.01,0.038578007839824915,0.038578007839824915,0.038578007839824915,0.0,0.0
2021S05075350337.02,0.021884251720046134,0.021884251720046134,0.021884251720046134,0.0,0.0
2021S05075350338.00,0.033701747648871044,0.034513410683541655,0.033701747648871044,0.0008116630346706108,0.0
2021S05075350339.00,0.03086240627185993,0.039472071709768214,0.03086240627185993,0.008609665437908285,0.0
2021S05075350340.00,0.03060251232430744,0.03104859476788386,0.03060251232430744,0.0004460824435764191,0.0
2021S05075350341.02,0.03624128279352696,0.03933392723602904,0.03624128279352696,0.003092644442502082,0.0
2021S05075350341.03,0.023780296201054187,0.023780296201054187,0.023780296201054187,0.0,0.0
2021S05075350341.04,0.027013682666192706,0.028803511806173573,0.027013682666192706,0.001789829139980867,0.0
2021S05075350342.00,0.03955999349392956,0.04038238036302052,0.03955999349392956,0.0008223868690909603,0.0
2021S05075350343.00,0.03267784193491053,0.03267784193491053,0.03267784193491053,0.0,0.0
2021S05075350344.01,0.03311354649404267,0.034165653655035134,0.03311354649404267,0.001052107160992466,0.0
2021S05075350344.02,0.0350508756944695,0.0350508756944695,0.0350508756944695,0.0,0.0
2021S05075350345.00,0.03964911488102478,0.04489627847645913,0.03964911488102478,0.005247163595434347,0.0
2021S05075350346.01,0.03309993072656979,0.03906109517874133,0.03309993072656979,0.005961164452171541,0.0
2021S05075350346.02,0.040209306457051806,0.04630606502096103,0.040209306457051806,0.006096758563909226,0.0
2021S05075350347.00,0.04999709816041311,0.04999709816041311,0.04999709816041311,0.0,0.0
2021S05075350348.00,0.04032687752856366,0.04328260068405095,0.04032687752856366,0.00295572315548729,0.0
2021S05075350349.00,0.027981915019819684,0.027981915019819684,0.027981915019819684,0.0,0.0
2021S05075350350.00,0.03333139877360874,0.03376688024604334,0.03333139877360874,0.00043548147243459984,0.0
2021S05075350351.01,0.029627910020985547,0.030875688775561835,0.029627910020985547,0.0012477787545762883,0.0
2021S05075350351.02,0.03425727096176454,0.036233833881935656,0.03425727096176454,0.001976562920171114,0.0
2021S05075350352.00,0.03999767852833047,0.04257621666375605,0.03999767852833047,0.0025785381354255787,0.0
2021S05075350353.02,0.0374463862765234,0.03802105776607536,0.0374463862765234,0.0005746714895519603,0.0
2021S05075350353.03,0.05123159441128748,0.05123159441128748,0.05123159441128748,0.0,0.0
2021S05075350353.04,0.035712212971723646,0.03598934662839407,0.035712212971723646,0.0002771336566704252,0.0
2021S05075350354.00,0.037034887526231935,0.04664272114549811,0.037034887526231935,0.009607833619266176,0.0
2021S05075350355.02,0.03801594414944338,0.03801594414944338,0.03801594414944338,0.0,0.0
2021S05075350355.04,0.04691085753322709,0.04691085753322709,0.04691085753322709,0.0,0.0
2021S05075350355.05,0.04495176565683947,0.053491898169216005,0.04495176565683947,0.008540132512376536,0.0
2021S05075350355.06,0.028599163145256883,0.028599163145256883,0.028599163145256883,0.0,0.0
2021S05075350356.00,0.040738376278855126,0.040738376278855126,0.040738376278855126,0.0,0.0
2021S05075350357.01,0.026479944581255833,0.026978930996636605,0.026479944581255833,0.0004989864153807713,0.0
2021S05075350357.02,0.02575608087051584,0.026779117174906646,0.02575608087051584,0.0010230363043908057,0.0
2021S05075350358.01,0.04139193311755334,0.045029931598545125,0.04139193311755334,0.0036379984809917845,0.0
2021S05075350358.02,0.03981250409069931,0.03981250409069931,0.03981250409069931,0.0,0.0
2021S05075350358.03,0.029035351820565825,0.029035351820565825,0.029035351820565825,0.0,0.0
2021S05075350359.00,0.035702697327446596,0.04560789415142079,0.035702697327446596,0.009905196823974192,0.0
2021S05075350360.00,0.04662038782713902,0.051115710082597555,0.04662038782713902,0.004495322255458532,0.0
2021S05075350361.01,0.0425901206551667,0.0425901206551667,0.0425901206551667,0.0,0.0
2021S05075350361.02,0.054317835038473504,0.05727551487500271,0.054317835038473504,0.002957679836529205,0.0
2021S05075350362.01,0.03994774384851982,0.0443074085574448,0.03994774384851982,0.00435966470892498,0.0
2021S05075350362.02,0.0424217802573202,0.044556661469815816,0.0424217802573202,0.0021348812124956165,0.0
2021S05075350362.03,0.04333081840569135,0.0442464985794515,0.04333081840569135,0.0009156801737601541,0.0
2021S05075350362.04,0.043948066531128545,0.044265504104981944,0.043948066531128545,0.0003174375738533991,0.0
2021S05075350363.02,0.04471285201337756,0.04592356532627841,0.04471285201337756,0.0012107133129008463,0.0
2021S05075350363.04,0.04662038782713902,0.04662038782713902,0.04662038782713902,0.0,0.0
2021S05075350363.05,0.05059230170994182,0.05450589251258447,0.05059230170994182,0.003913590802642648,0.0
2021S05075350363.06,0.05370058691303628,0.05370058691303628,0.05370058691303628,0.0,0.0
2021S05075350363.07,0.022879330516205505,0.02857680087122654,0.022879330516205505,0.0056974703550210365,0.0
2021S05075350364.01,0.04120131237293303,0.042206648622597806,0.04120131237293303,0.0010053362496647775,0.0
2021S05075350364.02,0.04226334223581762,0.10985483197760303,0.04226334223581762,0.06759148974178542,0.0
2021S05075350365.00,0.03964911488102478,0.0909995365853887,0.03964911488102478,0.05135042170436392,0.0
2021S05075350366.00,0.03485636473057123,0.04100530684819744,0.03485636473057123,0.006148942117626212,0.0
2021S05075350367.01,0.03412203120394401,0.03412203120394401,0.03412203120394401,0.0,0.0
2021S05075350367.02,0.040738376278855126,0.040738376278855126,0.040738376278855126,0.0,0.0
2021S05075350368.01,0.048145353784101494,0.048145353784101494,0.048145353784101494,0.0,0.0
2021S05075350368.02,0.03106815564700568,0.034688229709399,0.03106815564700568,0.0036200740623933206,0.0
2021S05075350369.00,0.036618765194476495,0.036618765194476495,0.036618765194476495,0.0,0.0
2021S05075350370.01,0.05073779591093773,0.05073779591093773,0.05073779591093773,0.0,0.0
2021S05075350370.02,0.04197287252972951,0.04497841133753051,0.04197287252972951,0.0030055388078010017,0.0
2021S05075350370.03,0.04008481944015692,0.04008481944015692,0.04008481944015692,0.0,0.0
2021S05075350371.00,0.037034887526231935,0.03865277713379396,0.037034887526231935,0.0016178896075620258,0.0
2021S05075350372.00,0.039373933054204474,0.039373933054204474,0.039373933054204474,0.0,0.0
2021S05075350373.00,0.03374289752390021,0.03374289752390021,0.03374289752390021,0.0,0.0
2021S05075350374.01,0.0386808825273978,0.0386808825273978,0.0386808825273978,0.0,0.0
2021S05075350374.02,0.03964911488102478,0.03964911488102478,0.03964911488102478,0.0,0.0
2021S05075350374.03,0.02633592001865382,0.02633592001865382,0.02633592001865382,0.0,0.0
2021S05075350375.01,0.023876609840441293,0.03288895574445854,0.023876609840441293,0.009012345904017248,0.0
2021S05075350375.02,0.03641763940079472,0.041233929828956774,0.03641763940079472,0.004816290428162055,0.0
2021S05075350375.03,0.027961340082305098,0.027961340082305098,0.027961340082305098,0.0,0.0
2021S05075350375.04,0.044441865031478324,0.04452005382679443,0.044441865031478324,7.818879531610451e-05,0.0
2021S05075350375.05,0.029442735583354376,0.029442735583354376,0.029442735583354376,0.0,0.0
2021S05075350376.01,0.029257561145723216,0.03341140167521905,0.029257561145723216,0.0041538405294958315,0.0
2021S05075350376.02,0.042447678780065834,0.042447678780065834,0.042447678780065834,0.0,0.0
2021S05075350376.04,0.037034887526231935,0.03749901252098385,0.037034887526231935,0.00046412499475191604,0.0
2021S05075350376.05,0.030368607771510174,0.030368607771510174,0.030368607771510174,0.0,0.0
2021S05075350376.06,0.030458599086994474,0.030458599086994474,0.030458599086994474,0.0,0.0
2021S05075350376.08,0.05027915193958638,0.05027915193958638,0.05027915193958638,0.0,0.0
2021S05075350376.09,0.04102326002905691,0.04102326002905691,0.04102326002905691,0.0,0.0
2021S05075350376.11,0.04040169548316209,0.04040169548316209,0.04040169548316209,0.0,0.0
2021S05075350376.12,0.04900000503470687,0.04900000503470687,0.04900000503470687,0.0,0.0
2021S05075350376.13,0.03941570172434684,0.03941570172434684,0.03941570172434684,0.0,0.0
2021S05075350376.14,0.035183143149920326,0.035183143149920326,0.035183143149920326,0.0,0.0
2021S05075350376.15,0.042732562530267616,0.043287140814094495,0.042732562530267616,0.0005545782838268787,0.0
2021S05075350376.16,0.04503442323189801,0.04530434532075304,0.04503442323189801,0.00026992208885502633,0.0
2021S05075350377.02,0.033701747648871044,0.033701747648871044,0.033701747648871044,0.0,0.0
2021S05075350377.03,0.03629418977570728,0.03629418977570728,0.03629418977570728,0.0,0.0
2021S05075350377.04,0.04015831177543222,0.041612538939776296,0.04015831177543222,0.0014542271643440755,0.0
2021S05075350377.06,0.033701747648871044,0.035796607889816034,0.033701747648871044,0.00209486024094499,0.0
2021S05075350377.07,0.0374463862765234,0.039618129382401175,0.0374463862765234,0.0021717431058777756,0.0
2021S05075350377.08,0.03888663190254353,0.07789432002002651,0.03888663190254353,0.03900768811748298,0.0
2021S05075350377.09,0.05021076097306443,0.07086194217701242,0.05021076097306443,0.020651181203947988,0.0
2021S05075350378.02,0.03391616015560187,0.03391616015560187,0.03391616015560187,0.0,0.0
2021S05075350378.03,0.051848842536724705,0.06065966873853538,0.051848842536724705,0.008810826201810673,0.0
2021S05075350378.04,0.03981250409069933,0.03981250409069933,0.03981250409069933,0.0,0.0
2021S05075350378.05,0.04867442360590482,0.04867442360590482,0.04867442360590482,0.0,0.0
2021S05075350378.06,0.049203493427708134,0.04960067828351962,0.049203493427708134,0.000397184855811486,0.0
2021S05075350378.07,0.04285465556606837,0.04285465556606837,0.04285465556606837,0.0,0.0
2021S05075350378.08,0.0365991829670998,0.0401604413394904,0.0365991829670998,0.003561258372390602,0.0
2021S05075350378.11,0.05110333506054729,0.06213640797911711,0.05110333506054729,0.011033072918569822,0.0
2021S05075350378.12,0.03988372502824977,0.03988372502824977,0.03988372502824977,0.0,0.0
2021S05075350378.14,0.04246667103007927,0.04488770650357138,0.04246667103007927,0.0024210354734921086,0.0
2021S05075350378.16,0.05123159441128748,0.05123159441128748,0.05123159441128748,0.0,0.0
2021S05075350378.17,0.049052831160572095,0.049233697308996544,0.049052831160572095,0.0001808661484244481,0.0
2021S05075350378.18,0.04275572381077182,0.04275572381077182,0.04275572381077182,0.0,0.0
2021S05075350378.19,0.03950388002798073,0.03950388002798073,0.03950388002798073,0.0,0.0
2021S05075350378.20,0.04981683985829426,0.04981683985829426,0.04981683985829426,0.0,0.0
2021S05075350378.21,0.037857885026814864,0.037857885026814864,0.037857885026814864,0.0,0.0
2021S05075350378.22,0.034442445399395685,0.03774361639826622,0.034442445399395685,0.003301170998870534,0.0
2021S05075350378.23,0.0374463862765234,0.03934563386421976,0.0374463862765234,0.0018992475876963635,0.0
2021S05075350378.24,0.0422814965924481,0.0422814965924481,0.0422814965924481,0.0,0.0
2021S05075350378.25,0.04717075148077962,0.04717075148077962,0.04717075148077962,0.0,0.0
2021S05075350378.26,0.04666395828305222,0.04666395828305222,0.04666395828305222,0.0,0.0
2021S05075350378.27,0.05138590644264681,0.05138590644264681,0.05138590644264681,0.0,0.0
2021S05075350378.28,0.045676361282352716,0.04575139828364144,0.045676361282352716,7.503700128872609e-05,0.0
2021S05075350400.02,0.0432073687806039,0.043340907281426186,0.0432073687806039,0.0001335385008222889,0.0
2021S05075350400.03,0.03857800783982491,0.04122388723583869,0.03857800783982491,0.002645879396013781,0.0
2021S05075350400.04,0.0323638206310315,0.032935549282015655,0.0323638206310315,0.000571728650984156,0.0
2021S05075350400.06,0.048515702659363814,0.048515702659363814,0.048515702659363814,0.0,0.0
2021S05075350400.07,0.039503880027980706,0.039503880027980706,0.039503880027980706,0.0,0.0
2021S05075350400.08,0.022072792965634223,0.023761592740444294,0.022072792965634223,0.0016887997748100715,0.0
2021S05075350400.11,0.041479074029379746,0.041479074029379746,0.041479074029379746,0.0,0.0
2021S05075350400.12,0.03925698077780584,0.04034915659740404,0.03925698077780584,0.0010921758195982026,0.0
2021S05075350400.13,0.03888663190254352,0.03888663190254352,0.03888663190254352,0.0,0.0
2021S05075350400.14,0.03147965439729713,0.032494430711493764,0.03147965439729713,0.001014776314196636,0.0
2021S05075350400.15,0.04376850344009227,0.048211028863260355,0.04376850344009227,0.004442525423168087,0.0
2021S05075350400.16,0.045676361282352695,0.045676361282352695,0.045676361282352695,0.0,0.0
2021S05075350400.17,0.034812794274658006,0.04282229613254087,0.034812794274658006,0.008009501857882864,0.0
2021S05075350400.18,0.029627910020985537,0.03766451739197467,0.029627910020985537,0.008036607370989133,0.0
2021S05075350400.19,0.04561138779546459,0.0787160230217399,0.04561138779546459,0.033104635226275304,0.0
2021S05075350400.20,0.043095141848706234,0.05059588376486015,0.043095141848706234,0.007500741916153915,0.0
2021S05075350400.21,0.041972872529729525,0.05491188153361645,0.041972872529729525,0.012939009003886927,0.0
2021S05075350400.22,0.0422814965924481,0.04651827585456549,0.0422814965924481,0.004236779262117393,0.0
2021S05075350400.23,0.041479074029379746,0.08287581503588695,0.041479074029379746,0.041396741006507205,0.0
2021S05075350401.04,0.035183143149920326,0.035183143149920326,0.035183143149920326,0.0,0.0
2021S05075350401.05,0.036294189775707274,0.05061679340191825,0.036294189775707274,0.014322603626210975,0.0
2021S05075350401.06,0.02526220804769463,0.05835952698505589,0.02526220804769463,0.03309731893736126,0.0
2021S05075350401.07,0.027714849605723235,0.02828819687226519,0.027714849605723235,0.0005733472665419535,0.0
2021S05075350401.08,0.026747418768945284,0.03020623773595673,0.026747418768945284,0.0034588189670114455,0.0
2021S05075350401.09,0.02993653408370413,0.03454587571165085,0.02993653408370413,0.004609341627946722,0.0
2021S05075350401.10,0.030121708521335295,0.030121708521335295,0.030121708521335295,0.0,0.0
2021S05075350401.11,0.03434144116068778,0.03434144116068778,0.03434144116068778,0.0,0.0
2021S05075350401.13,0.028599163145256883,0.036153260249269174,0.028599163145256883,0.007554097104012291,0.0
2021S05075350401.14,0.03311066103338616,0.03311066103338616,0.03311066103338616,0.0,0.0
2021S05075350401.15,0.038777705762760496,0.038777705762760496,0.038777705762760496,0.0,0.0
2021S05075350401.17,0.02848837502017841,0.02848837502017841,0.02848837502017841,0.0,0.0
2021S05075350401.18,0.03852822976519289,0.12043751087455173,0.03852822976519289,0.08190928110935884,0.0
2021S05075350401.19,0.032356796470286844,0.03581853099190168,0.032356796470286844,0.0034617345216148357,0.0
2021S05075350401.20,0.03491860823901867,0.03894605112209781,0.03491860823901867,0.004027442883079144,0.0
2021S05075350401.21,0.03629418977570728,0.03629418977570728,0.03629418977570728,0.0,0.0
2021S05075350401.22,0.034812794274658006,0.040726567086788526,0.034812794274658006,0.00591377281213052,0.0
2021S05075350401.23,0.028393413770111137,0.03267253676792088,0.028393413770111137,0.004279122997809744,0.0
2021S05075350402.01,0.046001228716793345,0.051242852202878185,0.046001228716793345,0.00524162348608484,0.0
2021S05075350402.02,0.026294770143624663,0.03692898761897354,0.026294770143624663,0.01063421747534888,0.0
2021S05075350402.03,0.03909238127768926,0.03961340152982701,0.03909238127768926,0.0005210202521377452,0.0
2021S05075350402.04,0.037343511588950516,0.037343511588950516,0.037343511588950516,0.0,0.0
2021S05075350402.05,0.02474603848343678,0.02474603848343678,0.02474603848343678,0.0,0.0
2021S05075350402.06,0.029998258896247854,0.029998258896247854,0.029998258896247854,0.0,0.0
2021S05075350402.07,0.03703488752623192,0.040415629997150315,0.03703488752623192,0.0033807424709183936,0.0
2021S05075350402.08,0.03888663190254352,0.040984348322196384,0.03888663190254352,0.0020977164196528675,0.0
2021S05075350402.09,0.028393413770111134,0.029396715296081056,0.028393413770111134,0.001003301525969922,0.0
2021S05075350402.10,0.04721948159594572,0.04721948159594572,0.04721948159594572,0.0,0.0
2021S05075350402.12,0.0422814965924481,0.0422814965924481,0.0422814965924481,0.0,0.0
2021S05075350402.13,0.03703488752623192,0.03703488752623192,0.03703488752623192,0.0,0.0
2021S05075350403.01,0.02296163026626379,0.0253869197524315,0.02296163026626379,0.002425289486167711,0.0
2021S05075350403.04,0.03618023627562658,0.03618023627562658,0.03618023627562658,0.0,0.0
2021S05075350403.05,0.03259070102308409,0.03821358162013066,0.03259070102308409,0.005622880597046569,0.0
2021S05075350403.07,0.03298419670305029,0.043334054517213165,0.03298419670305029,0.010349857814162873,0.0
2021S05075350403.09,0.03610901533807612,0.03610901533807612,0.03610901533807612,0.0,0.0
2021S05075350403.10,0.03703488752623192,0.03703488752623192,0.03703488752623192,0.0,0.0
2021S05075350403.11,0.037984500026904525,0.037984500026904525,0.037984500026904525,0.0,0.0
2021S05075350403.12,0.04578858821425037,0.05816752199716815,0.04578858821425037,0.012378933782917781,0.0
2021S05075350403.13,0.04238437128002099,0.04238437128002099,0.04238437128002099,0.0,0.0
2021S05075350403.14,0.03434144116068778,0.08447578773029799,0.03434144116068778,0.0501343465696102,0.0
2021S05075350403.15,0.034470933774415874,0.06458119840834907,0.034470933774415874,0.030110264633933195,0.0
2021S05075350403.16,0.03962732965306815,0.04590900748210537,0.03962732965306815,0.00628167782903722,0.0
2021S05075350410.02,0.044052024110149565,0.04611668400055251,0.044052024110149565,0.0020646598904029423,0.0
2021S05075350410.03,0.037034887526231915,0.038564790268346964,0.037034887526231915,0.0015299027421150496,0.0
2021S05075350410.04,0.03981250409069931,0.041778416593781606,0.03981250409069931,0.0019659125030822983,0.0
2021S05075350410.05,0.037034887526231935,0.04341389307518615,0.037034887526231935,0.0063790055489542155,0.0
2021S05075350410.07,0.0422814965924481,0.044236500867229474,0.0422814965924481,0.0019550042747813745,0.0
2021S05075350410.09,0.039732793240063395,0.039732793240063395,0.039732793240063395,0.0,0.0
2021S05075350410.10,0.042795870030312454,0.042795870030312454,0.042795870030312454,0.0,0.0
2021S05075350410.11,0.03487451908720172,0.035026788986225466,0.03487451908720172,0.00015226989902374782,0.0
2021S05075350410.12,0.03632267815072746,0.058311769773779984,0.03632267815072746,0.02198909162305252,0.0
2021S05075350410.13,0.041096778416205744,0.041365949204187694,0.041096778416205744,0.00026917078798194966,0.0
2021S05075350410.14,0.04186552502965348,0.04186552502965348,0.04186552502965348,0.0,0.0
2021S05075350410.15,0.04036802740359279,0.04036802740359279,0.04036802740359279,0.0,0.0
2021S05075350411.01,0.04032687752856366,0.0518780032726463,0.04032687752856366,0.011551125744082638,0.0
2021S05075350411.04,0.03765213565166911,0.03765213565166911,0.03765213565166911,0.0,0.0
2021S05075350411.07,0.04047999334262559,0.040697799406754324,0.04047999334262559,0.00021780606412873105,0.0
2021S05075350411.08,0.03994477154615015,0.03994477154615015,0.03994477154615015,0.0,0.0
2021S05075350411.09,0.048145353784101494,0.048145353784101494,0.048145353784101494,0.0,0.0
2021S05075350411.12,0.05110814478620005,0.05110814478620005,0.05110814478620005,0.0,0.0
2021S05075350411.15,0.04370116728095366,0.049344309674022625,0.04370116728095366,0.005643142393068963,0.0
2021S05075350411.16,0.041972872529729505,0.05187267546628468,0.041972872529729505,0.009899802936555173,0.0
2021S05075350411.17,0.031891153147588606,0.031891153147588606,0.031891153147588606,0.0,0.0
2021S05075350411.18,0.04330233003067119,0.04796491857797147,0.04330233003067119,0.004662588547300284,0.0
2021S05075350411.19,0.034812794274658006,0.034812794274658006,0.034812794274658006,0.0,0.0
2021S05075350411.21,0.05226034128701617,0.05226034128701617,0.05226034128701617,0.0,0.0
2021S05075350411.22,0.04376850344009227,0.053025504522962834,0.04376850344009227,0.009257001082870565,0.0
2021S05075350411.23,0.04285465556606837,0.045902156275182814,0.04285465556606837,0.0030475007091144424,0.0
2021S05075350411.24,0.04333081840569135,0.04333081840569135,0.04333081840569135,0.0,0.0
2021S05075350411.25,0.04592326053252758,0.045987666895451446,0.04592326053252758,6.440636292386753e-05,0.0
2021S05075350411.26,0.052589540287249326,0.05611168946648258,0.052589540287249326,0.0035221491792332554,0.0
2021S05075350411.27,0.04629360940778989,0.04808032110985164,0.04629360940778989,0.0017867117020617454,0.0
2021S05075350411.28,0.044441865031478296,0.04687695620074467,0.044441865031478296,0.002435091169266372,0.0
2021S05075350411.29,0.036505817704428616,0.036505817704428616,0.036505817704428616,0.0,0.0
2021S05075350411.30,0.04102326002905691,0.042048865359491094,0.04102326002905691,0.0010256053304341858,0.0
2021S05075350412.01,0.0346781219563808,0.03946345687662708,0.0346781219563808,0.004785334920246277,0.0
2021S05075350412.02,0.0392931123753924,0.0392931123753924,0.0392931123753924,0.0,0.0
2021S05075350412.04,0.03796075971438771,0.039124676881876,0.03796075971438771,0.0011639171674882876,0.0
2021S05075350412.06,0.03925698077780584,0.03925698077780584,0.03925698077780584,0.0,0.0
2021S05075350412.08,0.032096902522734325,0.03567610017950374,0.032096902522734325,0.003579197656769416,0.0
2021S05075350412.10,0.035800391275357515,0.03638877329204863,0.035800391275357515,0.0005883820166911122,0.0
2021S05075350412.11,0.04713531139702244,0.0471927008417913,0.04713531139702244,5.73894447688586e-05,0.0
2021S05075350412.12,0.04345930679098644,0.04345930679098644,0.04345930679098644,0.0,0.0
2021S05075350412.13,0.02993653408370413,0.02993653408370413,0.02993653408370413,0.0,0.0
2021S05075350412.14,0.037034887526231935,0.041906662749657105,0.037034887526231935,0.004871775223425169,0.0
2021S05075350412.15,0.0328653968775833,0.03790497496114482,0.0328653968775833,0.005039578083561515,0.0
2021S05075350412.18,0.03538889252506607,0.03538889252506607,0.03538889252506607,0.0,0.0
2021S05075350412.19,0.04505911315691549,0.059829590748967966,0.04505911315691549,0.014770477592052474,0.0
2021S05075350412.20,0.046798630601329425,0.046798630601329425,0.046798630601329425,0.0,0.0
2021S05075350412.22,0.04236791133000935,0.04236791133000935,0.04236791133000935,0.0,0.0
2021S05075350412.24,0.04578858821425037,0.04578858821425037,0.04578858821425037,0.0,0.0
2021S05075350412.25,0.04162836194809015,0.04162836194809015,0.04162836194809015,0.0,0.0
2021S05075350412.26,0.0422814965924481,0.04403290966536638,0.0422814965924481,0.0017514130729182828,0.0
2021S05075350413.01,0.035292069289703375,0.06391180784017965,0.035292069289703375,0.028619738550476274,0.0
2021S05075350413.02,0.04207163222979949,0.04654951320057966,0.04207163222979949,0.004477880970780168,0.0
2021S05075350420.03,0.021427327783034186,0.021427327783034186,0.021427327783034186,0.0,0.0
2021S05075350420.05,0.03463851245100516,0.03463851245100516,0.03463851245100516,0.0,0.0
2021S05075350420.06,0.03135620477220969,0.03135620477220969,0.03135620477220969,0.0,0.0
2021S05075350420.08,0.038459306277240854,0.038459306277240854,0.038459306277240854,0.0,0.0
2021S05075350420.09,0.03649025682731675,0.03649025682731675,0.03649025682731675,0.0,0.0
2021S05075350420.10,0.022381953765853207,0.023208683694342803,0.022381953765853207,0.000826729928489596,0.0
2021S05075350420.11,0.021035816114899745,0.021035816114899745,0.021035816114899745,0.0,0.0
2021S05075350420.13,0.03749782362030984,0.043015613364167586,0.03749782362030984,0.005517789743857748,0.0
2021S05075350420.14,0.0430174462804694,0.1148769181815321,0.0430174462804694,0.0718594719010627,0.0
2021S05075350420.15,0.021109885889952194,0.021109885889952194,0.021109885889952194,0.0,0.0
2021S05075350421.01,0.021831091594410403,0.022486742932816113,0.021831091594410403,0.0006556513384057099,0.0
2021S05075350421.04,0.041002911189756776,0.041002911189756776,0.041002911189756776,0.0,0.0
2021S05075350421.05,0.04333081840569135,0.051223324039139484,0.04333081840569135,0.007892505633448135,0.0
2021S05075350421.06,0.03584787190039117,0.07151050692342921,0.03584787190039117,0.03566263502303804,0.0
2021S05075350421.07,0.029381010770810657,0.029381010770810657,0.029381010770810657,0.0,0.0
2021S05075350422.02,0.02983365939613128,0.02983365939613128,0.02983365939613128,0.0,0.0
2021S05075350422.03,0.039503880027980706,0.039503880027980706,0.039503880027980706,0.0,0.0
2021S05075350422.04,0.03147965439729714,0.03323451697118666,0.03147965439729714,0.0017548625738895152,0.0
2021S05075350422.05,0.03418605002421409,0.03418605002421409,0.03418605002421409,0.0,0.0
2021S05075350422.06,0.023406048916578572,0.026388457786764314,0.023406048916578572,0.002982408870185742,0.0
2021S05075350423.01,0.028393413770111137,0.028393413770111137,0.028393413770111137,0.0,0.0
2021S05075350423.02,0.027469585449920373,0.027469585449920373,0.027469585449920373,0.0,0.0
2021S05075350424.04,0.03919525596526211,0.041778111442975344,0.03919525596526211,0.002582855477713232,0.0
2021S05075350424.05,0.03024515814642273,0.032800216889446,0.03024515814642273,0.002555058743023274,0.0
2021S05075350424.07,0.03703488752623194,0.03703488752623194,0.03703488752623194,0.0,0.0
2021S05075350424.08,0.03624128279352696,0.04082262660999997,0.03624128279352696,0.004581343816473009,0.0
2021S05075350424.09,0.03475581752461766,0.03475581752461766,0.03475581752461766,0.0,0.0
2021S05075350424.10,0.04140908684035379,0.04140908684035379,0.04140908684035379,0.0,0.0
2021S05075350424.11,0.03333139877360874,0.03333139877360874,0.03333139877360874,0.0,0.0
2021S05075350424.13,0.033046515023406955,0.033046515023406955,0.033046515023406955,0.0,0.0
2021S05075350424.14,0.040429752216136504,0.040429752216136504,0.040429752216136504,0.0,0.0
2021S05075350424.15,0.037034887526231915,0.05245517870672674,0.037034887526231915,0.015420291180494823,0.0
2021S05075350424.16,0.033578298023783607,0.03427641211578499,0.033578298023783607,0.0006981140920013854,0.0
2021S05075350430.03,0.04555291165726526,0.04555291165726526,0.04555291165726526,0.0,0.0
2021S05075350430.05,0.048515702659363814,0.06591134842019536,0.048515702659363814,0.017395645760831545,0.0
2021S05075350430.06,0.04962674928515077,0.04962674928515077,0.04962674928515077,0.0,0.0
2021S05075350430.07,0.044052024110149565,0.044052024110149565,0.044052024110149565,0.0,0.0
2021S05075350430.08,0.041479074029379746,0.041479074029379746,0.041479074029379746,0.0,0.0
2021S05075350431.01,0.03939165309608304,0.03939165309608304,0.03939165309608304,0.0,0.0
2021S05075350431.02,0.027158917519236752,0.027173119673008637,0.027158917519236752,1.4202153771885467e-05,0.0
2021S05075350440.00,0.04199491710563797,0.07153956113303789,0.04199491710563797,0.029544644027399918,0.0
2021S05075350441.02,0.03469584199825939,0.03469584199825939,0.03469584199825939,0.0,0.0
2021S05075350441.03,0.03765213565166911,0.03806805480193859,0.03765213565166911,0.0004159191502694781,0.0
2021S05075350441.04,0.04721948159594569,0.05128368579875252,0.04721948159594569,0.004064204202806829,0.0
2021S05075350442.02,0.036211890025649,0.08701898505341428,0.036211890025649,0.05080709502776528,0.0
2021S05075350442.03,0.04358721378087297,0.04425214862486998,0.04358721378087297,0.0006649348439970101,0.0
2021S05075350442.04,0.04327234226749205,0.044131837785606816,0.04327234226749205,0.0008594955181147682,0.0
2021S05075350442.05,0.050231226759716856,0.06092907306522145,0.050231226759716856,0.01069784630550459,0.0
2021S05075350442.06,0.03765213565166911,0.03765213565166911,0.03765213565166911,0.0,0.0
2021S05075350450.02,0.03415439627419167,0.03415439627419167,0.03415439627419167,0.0,0.0
2021S05075350450.03,0.04485336378176979,0.04485336378176979,0.04485336378176979,0.0,0.0
2021S05075350450.05,0.04592326053252758,0.04592326053252758,0.04592326053252758,0.0,0.0
2021S05075350450.06,0.03654108902588216,0.03654108902588216,0.03654108902588216,0.0,0.0
2021S05075350451.01,0.03888663190254353,0.03888663190254353,0.03888663190254353,0.0,0.0
2021S05075350451.02,0.03279595461660298,0.04193547503854584,0.03279595461660298,0.00913952042194286,0.0
2021S05075350451.03,0.04574897870887474,0.0494794686367907,0.04574897870887474,0.003730489927915963,0.0
2021S05075350451.05,0.03919525596526211,0.0420601222437665,0.03919525596526211,0.002864866278504387,0.0
2021S05075350451.06,0.05267184003730764,0.05267184003730764,0.05267184003730764,0.0,0.0
2021S05075350451.07,0.054317835038473504,0.054317835038473504,0.054317835038473504,0.0,0.0
2021S05075350452.01,0.0444418650314783,0.05058311219839353,0.0444418650314783,0.006141247166915227,0.0
2021S05075350452.02,0.038423695808465635,0.038423695808465635,0.038423695808465635,0.0,0.0
2021S05075350452.03,0.038204410290218205,0.055951623480192704,0.038204410290218205,0.0177472131899745,0.0
2021S05075350452.05,0.0462936094077899,0.0462936094077899,0.0462936094077899,0.0,0.0
2021S05075350452.06,0.04555291165726526,0.050144306917009863,0.04555291165726526,0.004591395259744606,0.0
2021S05075350452.07,0.04795043332343713,0.05670579514884203,0.04795043332343713,0.0087553618254049,0.0
2021S05075350455.00,0.04855685253439298,0.04855685253439298,0.04855685253439298,0.0,0.0
2021S05075350456.01,0.03765213565166911,0.03765213565166911,0.03765213565166911,0.0,0.0
2021S05075350456.02,0.04370116728095366,0.04370116728095366,0.04370116728095366,0.0,0.0
2021S05075350456.03,0.04259012065516671,0.04876156214642681,0.04259012065516671,0.006171441491260102,0.0
2021S05075350460.01,0.030017750942314302,0.04618758098850447,0.030017750942314302,0.01616983004619017,0.0
2021S05075350460.02,0.02366117814175929,0.02366117814175929,0.02366117814175929,0.0,0.0
2021S05075350461.01,0.035292069289703375,0.041109211507933806,0.035292069289703375,0.005817142218230431,0.0
2021S05075350461.02,0.03888663190254351,0.04303720864558015,0.03888663190254351,0.004150576743036642,0.0
2021S05075350470.00,0.054886236189955216,0.054886236189955216,0.054886236189955216,0.0,0.0
2021S05075350471.00,0.04052052399928906,0.04052052399928906,0.04052052399928906,0.0,0.0
2021S05075350472.00,0.0495371107038771,0.070067631274252,0.0495371107038771,0.020530520570374904,0.0
2021S05075350473.01,0.05370058691303631,0.05370058691303631,0.05370058691303631,0.0,0.0
2021S05075350473.02,0.046417059032877336,0.046417059032877336,0.046417059032877336,0.0,0.0
2021S05075350473.03,0.049203493427708134,0.05971804123184942,0.049203493427708134,0.010514547804141287,0.0
2021S05075350474.00,0.048097256527573934,0.06270486805135413,0.048097256527573934,0.014607611523780192,0.0
2021S05075350475.00,0.04550000467508494,0.04550000467508494,0.04550000467508494,0.0,0.0
2021S05075350476.02,0.05163517972407335,0.052711981525819906,0.05163517972407335,0.0010768018017465533,0.0
2021S05075350480.01,0.04153198101156009,0.04153198101156009,0.04153198101156009,0.0,0.0
2021S05075350480.03,0.045221546874135835,0.045221546874135835,0.045221546874135835,0.0,0.0
2021S05075350480.04,0.04120437817488056,0.04120437817488056,0.04120437817488056,0.0,0.0
2021S05075350480.05,0.04950581904016716,0.04950581904016716,0.04950581904016716,0.0,0.0
2021S05075350480.06,0.05664159268717825,0.05664159268717825,0.05664159268717825,0.0,0.0
2021S05075350481.02,0.04740465603357686,0.04740465603357686,0.04740465603357686,0.0,0.0
2021S05075350481.04,0.04989963793008092,0.04989963793008092,0.04989963793008092,0.0,0.0
2021S05075350481.05,0.0578670117597374,0.060017429605513435,0.0578670117597374,0.0021504178457760342,0.0
2021S05075350482.00,0.04555291165726526,0.08064752706070333,0.04555291165726526,0.03509461540343807,0.0
2021S05075350483.01,0.05608140111115121,0.06172491765351778,0.05608140111115121,0.0056435165423665695,0.0
2021S05075350483.02,0.048145353784101515,0.06196016824660811,0.048145353784101515,0.013814814462506597,0.0
2021S05075350484.02,0.05370058691303631,0.06319371919463154,0.05370058691303631,0.009493132281595235,0.0
2021S05075350484.03,0.05079070289311807,0.05079070289311807,0.05079070289311807,0.0,0.0
2021S05075350484.04,0.04407151615621598,0.04407151615621598,0.04407151615621598,0.0,0.0
2021S05075350485.02,0.04795884715627155,0.06116619062381556,0.04795884715627155,0.013207343467544007,0.0
2021S05075350485.04,0.05022539541228712,0.05022539541228712,0.05022539541228712,0.0,0.0
2021S05075350485.05,0.05614205879772738,0.0904913117321564,0.05614205879772738,0.03434925293442902,0.0
2021S05075350500.01,0.025251059676976308,0.02840324615010071,0.025251059676976308,0.003152186473124402,0.0
2021S05075350500.02,0.03518314314992034,0.03803440739816675,0.03518314314992034,0.0028512642482464087,0.0
2021S05075350501.01,0.04510659378194915,0.04510659378194915,0.04510659378194915,0.0,0.0
2021S05075350501.02,0.04700581878329436,0.04700581878329436,0.04700581878329436,0.0,0.0
2021S05075350502.01,0.05003388778378354,0.05003388778378354,0.05003388778378354,0.0,0.0
2021S05075350502.02,0.04536773721963412,0.04589778435524272,0.04536773721963412,0.0005300471356085995,0.0
2021S05075350503.00,0.03964911488102478,0.04484445166414119,0.03964911488102478,0.005195336783116407,0.0
2021S05075350504.00,0.039545727358518815,0.039545727358518815,0.039545727358518815,0.0,0.0
2021S05075350505.01,0.0431347513540819,0.045967643423652,0.0431347513540819,0.0028328920695700963,0.0
2021S05075350505.02,0.03925698077780584,0.03925698077780584,0.03925698077780584,0.0,0.0
2021S05075350506.00,0.03525721292497281,0.03525721292497281,0.03525721292497281,0.0,0.0
2021S05075350507.00,0.033846453500794745,0.03388737081760816,0.033846453500794745,4.0917316813417204e-05,0.0
2021S05075350508.00,0.04221977177990439,0.04221977177990439,0.04221977177990439,0.0,0.0
2021S05075350509.01,0.04327234226749205,0.04680820699797924,0.04327234226749205,0.0035358647304871912,0.0
2021S05075350509.02,0.0454685747846808,0.04775454225075042,0.0454685747846808,0.0022859674660696203,0.0
2021S05075350510.00,0.039503880027980706,0.044132445116571974,0.039503880027980706,0.004628565088591267,0.0
2021S05075350511.01,0.04696453128326512,0.05129140689998351,0.04696453128326512,0.0043268756167183925,0.0
2021S05075350511.02,0.03291990002331726,0.03436116009021313,0.03291990002331726,0.0014412600668958706,0.0
2021S05075350512.00,0.023764052829332145,0.023764052829332145,0.023764052829332145,0.0,0.0
2021S05075350513.01,0.039054972300390026,0.039054972300390026,0.039054972300390026,0.0,0.0
2021S05075350513.02,0.028599163145256883,0.028599163145256883,0.028599163145256883,0.0,0.0
2021S05075350513.03,0.024689925017487943,0.024689925017487943,0.024689925017487943,0.0,0.0
2021S05075350513.04,0.04259012065516671,0.04588812013191339,0.04259012065516671,0.0032979994767466797,0.0
2021S05075350514.01,0.034072096524133365,0.03556282259759782,0.034072096524133365,0.0014907260734644545,0.0
2021S05075350514.02,0.023014537248444128,0.023014537248444128,0.023014537248444128,0.0,0.0
2021S05075350515.01,0.05020284753555884,0.05480402683324546,0.05020284753555884,0.004601179297686615,0.0
2021S05075350515.02,0.037775585276756556,0.037775585276756556,0.037775585276756556,0.0,0.0
2021S05075350516.01,0.05143734378643324,0.05143734378643324,0.05143734378643324,0.0,0.0
2021S05075350516.02,0.0574040756656595,0.0574040756656595,0.0574040756656595,0.0,0.0
2021S05075350516.03,0.05355814503793541,0.05775892842159143,0.05355814503793541,0.004200783383656016,0.0
2021S05075350516.04,0.03749782362030984,0.04032792782040254,0.03749782362030984,0.0028301042000926993,0.0
2021S05075350516.05,0.051848842536724685,0.051848842536724685,0.051848842536724685,0.0,0.0
2021S05075350516.06,0.05444864258823503,0.05444864258823503,0.05444864258823503,0.0,0.0
2021S05075350516.08,0.038841467405560305,0.038841467405560305,0.038841467405560305,0.0,0.0
2021S05075350516.09,0.04768241769002362,0.04768241769002362,0.04768241769002362,0.0,0.0
2021S05075350516.11,0.044441865031478296,0.044441865031478296,0.044441865031478296,0.0,0.0
2021S05075350516.16,0.038145934152018876,0.038145934152018876,0.038145934152018876,0.0,0.0
2021S05075350516.17,0.045473216329677164,0.04555206881924317,0.045473216329677164,7.88524895660031e-05,0.0
2021S05075350516.18,0.049379850034975914,0.0504286167167322,0.049379850034975914,0.001048766681756283,0.0
2021S05075350516.20,0.054577728986026,0.054577728986026,0.054577728986026,0.0,0.0
2021S05075350516.21,0.04927250253489986,0.04927250253489986,0.04927250253489986,0.0,0.0
2021S05075350516.22,0.057696456356656066,0.057696456356656066,0.057696456356656066,0.0,0.0
2021S05075350516.23,0.051848842536724685,0.051848842536724685,0.051848842536724685,0.0,0.0
2021S05075350516.24,0.04848203457979451,0.04848203457979451,0.04848203457979451,0.0,0.0
2021S05075350516.25,0.03871829150469701,0.03871829150469701,0.03871829150469701,0.0,0.0
2021S05075350516.26,0.04370116728095366,0.051112313226978665,0.04370116728095366,0.007411145946025002,0.0
2021S05075350516.28,0.049256400409888455,0.04972721917484841,0.049256400409888455,0.00047081876495995434,0.0
2021S05075350516.29,0.04221977177990439,0.04354875670587687,0.04221977177990439,0.0013289849259724845,0.0
2021S05075350516.30,0.038516283027281197,0.038516283027281197,0.038516283027281197,0.0,0.0
2021S05075350516.31,0.040429752216136504,0.04313752830187999,0.040429752216136504,0.0027077760857434838,0.0
2021S05075350516.32,0.057967650041058645,0.057967650041058645,0.057967650041058645,0.0,0.0
2021S05075350516.37,0.04285465556606837,0.04285465556606837,0.04285465556606837,0.0,0.0
2021S05075350516.38,0.04444186503147832,0.04444186503147832,0.04444186503147832,0.0,0.0
2021S05075350516.39,0.05073779591093773,0.05389614094740996,0.05073779591093773,0.003158345036472228,0.0
2021S05075350516.40,0.05760982504080523,0.05760982504080523,0.05760982504080523,0.0,0.0
2021S05075350516.41,0.04773385503381005,0.04773385503381005,0.04773385503381005,0.0,0.0
2021S05075350516.43,0.04705609238627116,0.04705609238627116,0.04705609238627116,0.0,0.0
2021S05075350516.44,0.04678091055945086,0.04678091055945086,0.04678091055945086,0.0,0.0
2021S05075350516.47,0.05333023803777397,0.05333023803777397,0.05333023803777397,0.0,0.0
2021S05075350516.48,0.048145353784101494,0.048145353784101494,0.048145353784101494,0.0,0.0
2021S05075350516.50,0.05390633628818204,0.09234929646116505,0.05390633628818204,0.03844296017298301,0.0
2021S05075350516.51,0.048145353784101494,0.05916202217929789,0.048145353784101494,0.011016668395196397,0.0
2021S05075350516.52,0.04962674928515077,0.04962674928515077,0.04962674928515077,0.0,0.0
2021S05075350516.53,0.04546351710116745,0.04546351710116745,0.04546351710116745,0.0,0.0
2021S05075350516.54,0.04583067331371202,0.04583067331371202,0.04583067331371202,0.0,0.0
2021S05075350516.55,0.04740465603357686,0.06521407872970289,0.04740465603357686,0.01780942269612603,0.0
2021S05075350517.00,0.03475581752461766,0.03475581752461766,0.03475581752461766,0.0,0.0
2021S05075350518.00,0.030245158146422747,0.030245158146422747,0.030245158146422747,0.0,0.0
2021S05075350519.00,0.04156137377943806,0.04156137377943806,0.04156137377943806,0.0,0.0
2021S05075350520.01,0.043515992843322526,0.04408177293433728,0.043515992843322526,0.0005657800910147531,0.0
2021S05075350520.02,0.040738376278855126,0.040738376278855126,0.040738376278855126,0.0,0.0
2021S05075350520.05,0.04120131237293303,0.04120131237293303,0.04120131237293303,0.0,0.0
2021S05075350520.07,0.0540709357882986,0.0540709357882986,0.0540709357882986,0.0,0.0
2021S05075350520.08,0.04397892893740042,0.04397892893740042,0.04397892893740042,0.0,0.0
2021S05075350520.09,0.05598296951639708,0.06892626347201401,0.05598296951639708,0.012943293955616934,0.0
2021S05075350520.11,0.05501559378896771,0.06291895564207227,0.05501559378896771,0.007903361853104557,0.0
2021S05075350520.12,0.05132552347385402,0.05132552347385402,0.05132552347385402,0.0,0.0
2021S05075350521.01,0.05888547116670875,0.05888547116670875,0.05888547116670875,0.0,0.0
2021S05075350521.02,0.043207368780603925,0.044657599551791265,0.043207368780603925,0.00145023077118734,0.0
2021S05075350521.03,0.061107564418282655,0.061107564418282655,0.061107564418282655,0.0,0.0
2021S05075350521.04,0.042127184561088826,0.042127184561088826,0.042127184561088826,0.0,0.0
2021S05075350521.05,0.0447504890941969,0.04497179276314515,0.0447504890941969,0.00022130366894825004,0.0
2021S05075350521.06,0.04729999222100273,0.04729999222100273,0.04729999222100273,0.0,0.0
2021S05075350522.00,0.03950388002798073,0.04363952609143471,0.03950388002798073,0.004135646063453985,0.0
2021S05075350523.00,0.031685403772442874,0.031685403772442874,0.031685403772442874,0.0,0.0
2021S05075350524.01,0.046417059032877336,0.046417059032877336,0.046417059032877336,0.0,0.0
2021S05075350524.02,0.042732562530267616,0.04376347996541528,0.042732562530267616,0.0010309174351476671,0.0
2021S05075350525.01,0.0365991829670998,0.0365991829670998,0.0365991829670998,0.0,0.0
2021S05075350525.02,0.027981915019819684,0.03128741655720773,0.027981915019819684,0.003305501537388046,0.0
2021S05075350526.01,0.04285465556606837,0.046779835631908566,0.04285465556606837,0.003925180065840195,0.0
2021S05075350526.02,0.02727114445113441,0.02727114445113441,0.02727114445113441,0.0,0.0
2021S05075350527.02,0.03592384090044496,0.03733215003903261,0.03592384090044496,0.0014083091385876517,0.0
2021S05075350527.04,0.04296046953042903,0.04382667430578984,0.04296046953042903,0.0008662047753608126,0.0
2021S05075350527.05,0.0366645386509696,0.03791221276730031,0.0366645386509696,0.0012476741163307062,0.0
2021S05075350527.06,0.040775785256154336,0.04504697929694157,0.040775785256154336,0.004271194040787234,0.0
2021S05075350527.07,0.04008481944015692,0.04008481944015692,0.04008481944015692,0.0,0.0
2021S05075350527.08,0.04444186503147832,0.046884636489009916,0.04444186503147832,0.0024427714575315992,0.0
2021S05075350527.09,0.041479074029379746,0.04277218596762938,0.041479074029379746,0.0012931119382496303,0.0
2021S05075350527.10,0.04561779029234771,0.07400018007069471,0.04561779029234771,0.028382389778347006,0.0
2021S05075350527.11,0.045367737219634094,0.06416677588711178,0.045367737219634094,0.018799038667477688,0.0
2021S05075350527.12,0.043515992843322526,0.043515992843322526,0.043515992843322526,0.0,0.0
2021S05075350527.13,0.05333828910027967,0.07078964063286859,0.05333828910027967,0.01745135153258892,0.0
2021S05075350528.01,0.03838161070900399,0.03838161070900399,0.03838161070900399,0.0,0.0
2021S05075350528.11,0.04933479542727974,0.05035554418987703,0.04933479542727974,0.0010207487625972927,0.0
2021S05075350528.12,0.0416642484670109,0.0416642484670109,0.0416642484670109,0.0,0.0
2021S05075350528.13,0.04414558593126848,0.04496389149284037,0.04414558593126848,0.0008183055615718915,0.0
2021S05075350528.15,0.04703430715831454,0.04703430715831454,0.04703430715831454,0.0,0.0
2021S05075350528.16,0.0464825629155768,0.0464825629155768,0.0464825629155768,0.0,0.0
2021S05075350528.18,0.04703430715831454,0.05245559923610713,0.04703430715831454,0.005421292077792593,0.0
2021S05075350528.19,0.045676361282352716,0.045676361282352716,0.045676361282352716,0.0,0.0
2021S05075350528.20,0.0422680781549386,0.0422680781549386,0.0422680781549386,0.0,0.0
2021S05075350528.21,0.047836729721382885,0.047836729721382885,0.047836729721382885,0.0,0.0
2021S05075350528.22,0.044441865031478324,0.05163791833683817,0.044441865031478324,0.007196053305359849,0.0
2021S05075350528.24,0.04333081840569135,0.04333081840569135,0.04333081840569135,0.0,0.0
2021S05075350528.26,0.041031458122587884,0.05727891167638054,0.041031458122587884,0.016247453553792653,0.0
2021S05075350528.31,0.033549251053174814,0.033549251053174814,0.033549251053174814,0.0,0.0
2021S05075350528.32,0.05444128466356092,0.05444128466356092,0.05444128466356092,0.0,0.0
2021S05075350528.33,0.04263680328650229,0.04507201088654443,0.04263680328650229,0.0024352076000421427,0.0
2021S05075350528.34,0.05508939519527,0.05524861866114949,0.05508939519527,0.00015922346587948777,0.0
2021S05075350528.35,0.048145353784101494,0.048145353784101494,0.048145353784101494,0.0,0.0
2021S05075350528.39,0.058865979120642335,0.058865979120642335,0.058865979120642335,0.0,0.0
2021S05075350528.40,0.055552331289347875,0.056947952972825906,0.055552331289347875,0.0013956216834780308,0.0
2021S05075350528.42,0.05028947885140968,0.05467276704013869,0.05028947885140968,0.004383288188729011,0.0
2021S05075350528.43,0.05370058691303631,0.05370058691303631,0.05370058691303631,0.0,0.0
2021S05075350528.44,0.045221546874135835,0.05068208548273109,0.045221546874135835,0.005460538608595258,0.0
2021S05075350528.45,0.0399153787782722,0.04134022465383131,0.0399153787782722,0.0014248458755591123,0.0
2021S05075350528.46,0.051848842536724705,0.055313895006454256,0.051848842536724705,0.00346505246972955,0.0
2021S05075350528.47,0.04592326053252758,0.046198437366622,0.04592326053252758,0.0002751768340944205,0.0
2021S05075350528.49,0.05285888492380374,0.05285888492380374,0.05285888492380374,0.0,0.0
2021S05075350528.50,0.043207368780603925,0.043207368780603925,0.043207368780603925,0.0,0.0
2021S05075350528.51,0.040738376278855126,0.07507221491123073,0.040738376278855126,0.0343338386323756,0.0
2021S05075350528.52,0.048886051534626135,0.048886051534626135,0.048886051534626135,0.0,0.0
2021S05075350528.53,0.046720935033092596,0.046720935033092596,0.046720935033092596,0.0,0.0
2021S05075350528.54,0.0432073687806039,0.0432073687806039,0.0432073687806039,0.0,0.0
2021S05075350528.55,0.04740465603357686,0.05105203852808286,0.04740465603357686,0.003647382494506003,0.0
2021S05075350528.56,0.0444418650314783,0.0444418650314783,0.0444418650314783,0.0,0.0
2021S05075350528.57,0.040401695483162095,0.06580925646666261,0.040401695483162095,0.025407560983500513,0.0
2021S05075350528.58,0.04184942290464207,0.04184942290464207,0.04184942290464207,0.0,0.0
2021S05075350528.59,0.04407151615621598,0.04627806654763958,0.04407151615621598,0.0022065503914235965,0.0
2021S05075350528.60,0.04860828987817942,0.06235849503790532,0.04860828987817942,0.0137502051597259,0.0
2021S05075350528.61,0.044441865031478324,0.053769575210630666,0.044441865031478324,0.009327710179152342,0.0
2021S05075350528.62,0.04296046953042903,0.04296046953042903,0.04296046953042903,0.0,0.0
2021S05075350528.63,0.05073779591093773,0.05283114369698729,0.05073779591093773,0.002093347786049561,0.0
2021S05075350529.01,0.03796075971438773,0.03796075971438773,0.03796075971438773,0.0,0.0
2021S05075350529.02,0.03749782362030984,0.04152907491440857,0.03749782362030984,0.004031251294098731,0.0
2021S05075350530.01,0.038423695808465635,0.041506509591357536,0.038423695808465635,0.003082813782891901,0.0
2021S05075350530.02,0.04721948159594569,0.05361199173328425,0.04721948159594569,0.006392510137338561,0.0
2021S05075350531.01,0.04263008636113027,0.04427762087283739,0.04263008636113027,0.0016475345117071202,0.0
2021S05075350531.02,0.038777705762760496,0.038777705762760496,0.038777705762760496,0.0,0.0
2021S05075350532.01,0.03916332933808433,0.03978524149515857,0.03916332933808433,0.0006219121570742447,0.0
2021S05075350532.02,0.04027544018477723,0.040451847341095144,0.04027544018477723,0.00017640715631791343,0.0
2021S05075350540.01,0.02255761331143217,0.02255761331143217,0.02255761331143217,0.0,0.0
2021S05075350540.02,0.022647233379350453,0.022647233379350453,0.022647233379350453,0.0,0.0
2021S05075350550.01,0.053237650818958406,0.053268768844505085,0.053237650818958406,3.111802554667947e-05,0.0
2021S05075350550.02,0.03629418977570728,0.03629418977570728,0.03629418977570728,0.0,0.0
2021S05075350560.00,0.040738376278855126,0.04454728540196841,0.040738376278855126,0.0038089091231132827,0.0
2021S05075350561.00,0.042127184561088826,0.04714125291857702,0.042127184561088826,0.005014068357488195,0.0
2021S05075350562.02,0.04649935878293565,0.04649935878293565,0.04649935878293565,0.0,0.0
2021S05075350562.03,0.05435336011044109,0.0573672055108402,0.05435336011044109,0.003013845400399111,0.0
2021S05075350562.04,0.04999709816041311,0.04999709816041311,0.04999709816041311,0.0,0.0
2021S05075350562.05,0.05123159441128748,0.05123159441128748,0.05123159441128748,0.0,0.0
2021S05075350562.06,0.044831705952807076,0.0458498655695965,0.044831705952807076,0.0010181596167894227,0.0
2021S05075350562.07,0.04860828987817942,0.04860828987817942,0.04860828987817942,0.0,0.0
2021S05075350562.08,0.05435336011044109,0.05437862147236677,0.05435336011044109,2.5261361925682513e-05,0.0
2021S05075350562.09,0.05449419164574126,0.05449419164574126,0.05449419164574126,0.0,0.0
2021S05075350562.11,0.05766861057656115,0.06088063646404793,0.05766861057656115,0.003212025887486779,0.0
2021S05075350562.12,0.06076036234772425,0.06076036234772425,0.06076036234772425,0.0,0.0
2021S05075350562.13,0.06172481254371986,0.07081169108990264,0.06172481254371986,0.00908687854618278,0.0
2021S05075350562.14,0.051848842536724705,0.051848842536724705,0.051848842536724705,0.0,0.0
2021S05075350562.15,0.04608786003264419,0.04608786003264419,0.04608786003264419,0.0,0.0
2021S05075350563.01,0.052245644903077176,0.052245644903077176,0.052245644903077176,0.0,0.0
2021S05075350563.02,0.04675654550186782,0.04675654550186782,0.04675654550186782,0.0,0.0
2021S05075350564.01,0.05131631474222986,0.05579802968673502,0.05131631474222986,0.004481714944505159,0.0
2021S05075350564.02,0.05412791253833898,0.058258820613485605,0.05412791253833898,0.004130908075146628,0.0
2021S05075350570.01,0.039349567996621426,0.039349567996621426,0.039349567996621426,0.0,0.0
2021S05075350570.02,0.05267184003730764,0.05267184003730764,0.05267184003730764,0.0,0.0
2021S05075350571.01,0.04330233003067119,0.04330233003067119,0.04330233003067119,0.0,0.0
2021S05075350571.02,0.04400616047234618,0.04981289469294528,0.04400616047234618,0.005806734220599102,0.0
2021S05075350572.01,0.04120131237293303,0.04267756773189111,0.04120131237293303,0.0014762553589580812,0.0
2021S05075350572.04,0.04536773721963412,0.04536773721963412,0.04536773721963412,0.0,0.0
2021S05075350572.05,0.04076502008283082,0.043157721350738545,0.04076502008283082,0.002392701267907728,0.0
2021S05075350572.07,0.04485336378176979,0.04485336378176979,0.04485336378176979,0.0,0.0
2021S05075350572.08,0.042795870030312454,0.043125608158671475,0.042795870030312454,0.0003297381283590209,0.0
2021S05075350572.09,0.05272025165498899,0.05876732751079447,0.05272025165498899,0.006047075855805481,0.0
2021S05075350572.10,0.046910857533227115,0.046910857533227115,0.046910857533227115,0.0,0.0
2021S05075350573.03,0.04768241769002362,0.051474808696972185,0.04768241769002362,0.003792391006948566,0.0
2021S05075350573.05,0.04361886753089539,0.04361886753089539,0.04361886753089539,0.0,0.0
2021S05075350573.06,0.049534162066335215,0.049534162066335215,0.049534162066335215,0.0,0.0
2021S05075350573.07,0.03888663190254353,0.04021364533136911,0.03888663190254353,0.001327013428825581,0.0
2021S05075350573.09,0.04618957882485104,0.04618957882485104,0.04618957882485104,0.0,0.0
2021S05075350573.10,0.05143734378643324,0.05494491712953113,0.05143734378643324,0.0035075733430978903,0.0
2021S05075350573.11,0.04979134878526738,0.04979134878526738,0.04979134878526738,0.0,0.0
2021S05075350574.00,0.03505969352483288,0.03509216631845973,0.03505969352483288,3.2472793626850405e-05,0.0
2021S05075350575.01,0.04296046953042903,0.04656653370980588,0.04296046953042903,0.0036060641793768528,0.0
2021S05075350575.02,0.03412500350631371,0.03412500350631371,0.03412500350631371,0.0,0.0
2021S05075350575.03,0.046910857533227095,0.047460415762288315,0.046910857533227095,0.00054955822906122,0.0
2021S05075350575.04,0.052754731871898705,0.06764842757858798,0.052754731871898705,0.014893695706689275,0.0
2021S05075350575.05,0.05449419164574126,0.05449419164574126,0.05449419164574126,0.0,0.0
2021S05075350575.07,0.050614346285850306,0.050614346285850306,0.050614346285850306,0.0,0.0
2021S05075350575.08,0.04879891062279972,0.056746493894284426,0.04879891062279972,0.007947583271484704,0.0
2021S05075350576.04,0.05390633628818204,0.05390633628818204,0.05390633628818204,0.0,0.0
2021S05075350576.05,0.04749179694540331,0.05420980685089469,0.04749179694540331,0.00671800990549138,0.0
2021S05075350576.06,0.05054172885932829,0.07133652086295973,0.05054172885932829,0.020794792003631442,0.0
2021S05075350576.07,0.04923461518193187,0.04923461518193187,0.04923461518193187,0.0,0.0
2021S05075350576.09,0.052185523332417716,0.054466322412688145,0.052185523332417716,0.002280799080270429,0.0
2021S05075350576.16,0.046001228716793345,0.046001228716793345,0.046001228716793345,0.0,0.0
2021S05075350576.17,0.04444186503147832,0.04444186503147832,0.04444186503147832,0.0,0.0
2021S05075350576.20,0.046910857533227115,0.04729969525562625,0.046910857533227115,0.00038883772239913655,0.0
2021S05075350576.22,0.04896835128468444,0.04965160264809411,0.04896835128468444,0.0006832513634096662,0.0
2021S05075350576.29,0.054626459101192106,0.054626459101192106,0.054626459101192106,0.0,0.0
2021S05075350576.31,0.05147849366146237,0.051907633181955896,0.05147849366146237,0.00042913952049352527,0.0
2021S05075350576.33,0.05143734378643324,0.05143734378643324,0.05143734378643324,0.0,0.0
2021S05075350576.34,0.05097743341846043,0.05097743341846043,0.05097743341846043,0.0,0.0
2021S05075350576.43,0.05020284753555884,0.05220556075309018,0.05020284753555884,0.0020027132175313364,0.0
2021S05075350576.44,0.050679319772738436,0.050679319772738436,0.050679319772738436,0.0,0.0
2021S05075350576.45,0.04407151615621598,0.04968059940945561,0.04407151615621598,0.0056090832532396245,0.0
2021S05075350576.46,0.04608786003264419,0.0472008099108334,0.04608786003264419,0.0011129498781892108,0.0
2021S05075350576.47,0.04071384986327484,0.04340316172206059,0.04071384986327484,0.0026893118587857506,0.0
2021S05075350576.49,0.04678091055945086,0.04678091055945086,0.04678091055945086,0.0,0.0
2021S05075350576.50,0.04977807463203215,0.05099453307607278,0.04977807463203215,0.0012164584440406342,0.0
2021S05075350576.52,0.04834027424476589,0.05084332892067768,0.04834027424476589,0.0025030546759117894,0.0
2021S05075350576.53,0.05143734378643324,0.05570566253732425,0.05143734378643324,0.004268318750891009,0.0
2021S05075350576.54,0.043662183188820806,0.043662183188820806,0.043662183188820806,0.0,0.0
2021S05075350576.55,0.04666395828305222,0.04941754666578611,0.04666395828305222,0.0027535883827338944,0.0
2021S05075350576.57,0.05026163307131476,0.06964769523727564,0.05026163307131476,0.01938606216596088,0.0
2021S05075350576.59,0.0444418650314783,0.052213268183115814,0.0444418650314783,0.007771403151637511,0.0
2021S05075350576.62,0.04740465603357686,0.04740465603357686,0.04740465603357686,0.0,0.0
2021S05075350576.63,0.0435159928433225,0.0435159928433225,0.0435159928433225,0.0,0.0
2021S05075350576.65,0.047977013386255,0.051553867047407234,0.047977013386255,0.003576853661152235,0.0
2021S05075350576.66,0.045182562782002944,0.046114542448853366,0.045182562782002944,0.0009319796668504216,0.0
2021S05075350576.68,0.04104700034157371,0.04113862334688178,0.04104700034157371,9.162300530807244e-05,0.0
2021S05075350576.69,0.048886051534626135,0.04963897339788886,0.048886051534626135,0.0007529218632627219,0.0
2021S05075350576.73,0.02459116531741801,0.024947097355347107,0.02459116531741801,0.00035593203792909714,0.0
2021S05075350576.74,0.03425727096176454,0.05110043412596705,0.03425727096176454,0.016843163164202507,0.0
2021S05075350576.75,0.0430174462804694,0.04867725589998902,0.0430174462804694,0.005659809619519625,0.0
2021S05075350576.76,0.04999709816041309,0.05456817457812501,0.04999709816041309,0.004571076417711921,0.0
2021S05075350576.77,0.05036744703567541,0.05036744703567541,0.05036744703567541,0.0,0.0
2021S05075350576.78,0.04666395828305222,0.04666395828305222,0.04666395828305222,0.0,0.0
2021S05075350576.79,0.045136269172595146,0.054490742657577786,0.045136269172595146,0.00935447348498264,0.0
2021S05075350576.80,0.05020284753555884,0.0823039303829287,0.05020284753555884,0.03210108284736986,0.0
2021S05075350576.81,0.04740465603357686,0.04740465603357686,0.04740465603357686,0.0,0.0
2021S05075350576.82,0.0432073687806039,0.0432073687806039,0.0432073687806039,0.0,0.0
2021S05075350576.83,0.044133240968759695,0.04488489580360466,0.044133240968759695,0.0007516548348449684,0.0
2021S05075350576.84,0.04370116728095366,0.04824521044410641,0.04370116728095366,0.004544043163152746,0.0
2021S05075350576.85,0.04534884186885541,0.04534884186885541,0.04534884186885541,0.0,0.0
2021S05075350576.86,0.048886051534626135,0.048886051534626135,0.048886051534626135,0.0,0.0
2021S05075350576.87,0.04159302752946048,0.04159302752946048,0.04159302752946048,0.0,0.0
2021S05075350576.88,0.04740465603357686,0.04740465603357686,0.04740465603357686,0.0,0.0
2021S05075350576.89,0.04703430715831454,0.04703430715831454,0.04703430715831454,0.0,0.0
2021S05075350576.90,0.04221977177990439,0.057276303996647855,0.04221977177990439,0.015056532216743468,0.0
2021S05075350576.91,0.03988372502824977,0.21510910316526224,0.03988372502824977,0.17522537813701247,0.0
2021S05075350576.92,0.043053056749244624,0.043053056749244624,0.043053056749244624,0.0,0.0
2021S05075350576.93,0.04852847331023493,0.057795684193519485,0.04852847331023493,0.009267210883284555,0.0
2021S05075350576.94,0.04592326053252758,0.04592326053252758,0.04592326053252758,0.0,0.0
2021S05075350576.95,0.0422814965924481,0.0952417716894368,0.0422814965924481,0.0529602750969887,0.0
2021S05075350576.96,0.0462936094077899,0.05405745917448346,0.0462936094077899,0.007763849766693559,0.0
2021S05075350576.97,0.048515702659363814,0.048515702659363814,0.048515702659363814,0.0,0.0
2021S05075350576.98,0.04407151615621598,0.04407151615621598,0.04407151615621598,0.0,0.0
2021S05075350576.99,0.049379850034975914,0.060529295968944366,0.049379850034975914,0.011149445933968452,0.0
2021S05075350577.00,0.048145353784101494,0.048145353784101494,0.048145353784101494,0.0,0.0
2021S05075350577.01,0.05106916069406719,0.0543646497621692,0.05106916069406719,0.003295489068102009,0.0
2021S05075350577.02,0.04703430715831454,0.04703430715831454,0.04703430715831454,0.0,0.0
2021S05075350577.03,0.0428987447178853,0.06396116427966951,0.0428987447178853,0.02106241956178421,0.0
2021S05075350577.04,0.04246667103007927,0.04246667103007927,0.04246667103007927,0.0,0.0
2021S05075350577.05,0.04962674928515077,0.04976582700625219,0.04962674928515077,0.00013907772110142297,0.0
2021S05075350577.06,0.04501163253188189,0.08167801801814224,0.04501163253188189,0.036666385486260354,0.0
2021S05075350577.07,0.05020284753555884,0.05020284753555884,0.05020284753555884,0.0,0.0
2021S05075350577.08,0.04999709816041309,0.05042526755690757,0.04999709816041309,0.00042816939649448216,0.0
2021S05075350577.09,0.053098212236404825,0.053098212236404825,0.053098212236404825,0.0,0.0
2021S05075350585.02,0.0462936094077899,0.0469229247780437,0.0462936094077899,0.0006293153702537982,0.0
2021S05075350585.03,0.04855685253439298,0.04855685253439298,0.04855685253439298,0.0,0.0
2021S05075350585.05,0.052219191411987005,0.05585420141965615,0.052219191411987005,0.003635010007669144,0.0
2021S05075350585.07,0.04207163222979949,0.04761004619454037,0.04207163222979949,0.005538413964740883,0.0
2021S05075350585.08,0.04027544018477723,0.04027544018477723,0.04027544018477723,0.0,0.0
2021S05075350585.09,0.04592326053252758,0.05139745993389472,0.04592326053252758,0.00547419940136714,0.0
2021S05075350585.10,0.04937985003497589,0.05936120836866317,0.04937985003497589,0.009981358333687275,0.0
2021S05075350586.02,0.03276163127320517,0.03710754278010245,0.03276163127320517,0.004345911506897275,0.0
2021S05075350586.03,0.034470933774415874,0.034470933774415874,0.034470933774415874,0.0,0.0
2021S05075350586.04,0.04511522662286434,0.04511522662286434,0.04511522662286434,0.0,0.0
2021S05075350586.05,0.0425901206551667,0.04909787600260109,0.0425901206551667,0.006507755347434391,0.0
2021S05075350587.01,0.0447504890941969,0.0447504890941969,0.0447504890941969,0.0,0.0
2021S05075350587.02,0.045451907418557355,0.04797365089150186,0.045451907418557355,0.002521743472944503,0.0
2021S05075350590.00,0.04387209753107475,0.04888861298638818,0.04387209753107475,0.005016515455313425,0.0
2021S05075350591.01,0.06073721554302035,0.06073721554302035,0.06073721554302035,0.0,0.0
2021S05075350591.02,0.057139540754757835,0.057139540754757835,0.057139540754757835,0.0,0.0
2021S05075350592.01,0.04098527552902999,0.04312646707791297,0.04098527552902999,0.0021411915488829814,0.0
2021S05075350592.02,0.060644628324204794,0.060644628324204794,0.060644628324204794,0.0,0.0
2021S05075350593.01,0.04592326053252758,0.04592326053252758,0.04592326053252758,0.0,0.0
2021S05075350593.02,0.041748418665934164,0.041748418665934164,0.041748418665934164,0.0,0.0
2021S05075350593.03,0.052589540287249326,0.052589540287249326,0.052589540287249326,0.0,0.0
2021S05075350593.04,0.04197287252972951,0.04197287252972951,0.04197287252972951,0.0,0.0
2021S05075350600.01,0.037857885026814864,0.037857885026814864,0.037857885026814864,0.0,0.0
2021S05075350600.02,0.039503880027980706,0.039503880027980706,0.039503880027980706,0.0,0.0
2021S05075350601.00,0.028508870254005867,0.028508870254005867,0.028508870254005867,0.0,0.0
2021S05075350602.00,0.027373612519388815,0.027373612519388815,0.027373612519388815,0.0,0.0
2021S05075350603.00,0.028599163145256883,0.028793934054469124,0.028599163145256883,0.00019477090921224058,0.0
2021S05075350604.00,0.017221222699697843,0.017221222699697843,0.017221222699697843,0.0,0.0
2021S05075350605.00,0.025368897955468865,0.025368897955468865,0.025368897955468865,0.0,0.0
2021S05075350606.00,0.025183723517837722,0.025183723517837722,0.025183723517837722,0.0,0.0
2021S05075350607.00,0.03561046877522301,0.03561046877522301,0.03561046877522301,0.0,0.0
2021S05075350608.00,0.033046515023406955,0.037347553828180884,0.033046515023406955,0.004301038804773928,0.0
2021S05075350609.00,0.03415439627419167,0.03415439627419167,0.03415439627419167,0.0,0.0
2021S05075350610.03,0.030738956646772495,0.03450690974521843,0.030738956646772495,0.0037679530984459364,0.0
2021S05075350610.04,0.035183143149920326,0.035183143149920326,0.035183143149920326,0.0,0.0
2021S05075350610.05,0.04529651628208367,0.04529651628208367,0.04529651628208367,0.0,0.0
2021S05075350610.06,0.044156981281276535,0.044156981281276535,0.044156981281276535,0.0,0.0
2021S05075350611.00,0.0422814965924481,0.04448433359099151,0.0422814965924481,0.0022028369985434074,0.0
2021S05075350612.03,0.03259070102308409,0.038992684632218,0.03259070102308409,0.00640198360913391,0.0
2021S05075350612.05,0.03762744572665166,0.03762744572665166,0.03762744572665166,0.0,0.0
2021S05075350612.08,0.0413556244042923,0.04641917461782823,0.0413556244042923,0.005063550213535925,0.0
2021S05075350612.11,0.0484302375343033,0.0484302375343033,0.0484302375343033,0.0,0.0
2021S05075350612.12,0.049071225972257285,0.049071225972257285,0.049071225972257285,0.0,0.0
2021S05075350612.13,0.035849771125392525,0.035849771125392525,0.035849771125392525,0.0,0.0
2021S05075350612.14,0.04777500490883917,0.04777500490883917,0.04777500490883917,0.0,0.0
2021S05075350612.15,0.0438246169060411,0.0938512438512059,0.0438246169060411,0.0500266269451648,0.0
2021S05075350612.18,0.05138173584720465,0.05186789316062671,0.05138173584720465,0.0004861573134220601,0.0
2021S05075350612.19,0.05444128466356092,0.05444128466356092,0.05444128466356092,0.0,0.0
2021S05075350612.20,0.04999709816041308,0.04999709816041308,0.04999709816041308,0.0,0.0
2021S05075350612.21,0.05088271503604038,0.05123177879839106,0.05088271503604038,0.00034906376235067926,0.0
2021S05075350612.22,0.045367737219634094,0.05878436418574133,0.045367737219634094,0.013416626966107237,0.0
2021S05075350612.23,0.0447504890941969,0.0447504890941969,0.0447504890941969,0.0,0.0
2021S05075350612.25,0.04049147702868023,0.04072028471010943,0.04049147702868023,0.00022880768142920227,0.0
2021S05075350612.26,0.049557475394813935,0.049557475394813935,0.049557475394813935,0.0,0.0
2021S05075350612.27,0.038812562127491075,0.038812562127491075,0.038812562127491075,0.0,0.0
2021S05075350612.28,0.039373933054204474,0.039373933054204474,0.039373933054204474,0.0,0.0
2021S05075350612.29,0.033595933684510394,0.03605163017798702,0.033595933684510394,0.002455696493476628,0.0
2021S05075350613.01,0.04259012065516671,0.04259012065516671,0.04259012065516671,0.0,0.0
2021S05075350613.03,0.034442445399395685,0.034442445399395685,0.034442445399395685,0.0,0.0
2021S05075350613.04,0.03555349202518264,0.03555349202518264,0.03555349202518264,0.0,0.0
2021S05075350614.01,0.04999709816041309,0.04999709816041309,0.04999709816041309,0.0,0.0
2021S05075350614.02,0.04555291165726526,0.04555291165726526,0.04555291165726526,0.0,0.0
2021S05075350615.00,0.03731977127643372,0.03731977127643372,0.03731977127643372,0.0,0.0
2021S05075350620.05,0.0558890120850409,0.0558890120850409,0.0558890120850409,0.0,0.0
2021S05075350620.06,0.05141313797759257,0.1333407247560985,0.05141313797759257,0.08192758677850595,0.0
2021S05075350620.07,0.05814477341618411,0.059039587031140706,0.05814477341618411,0.0008948136149565938,0.0
2021S05075350620.09,0.052847536132937675,0.05644030369087394,0.052847536132937675,0.0035927675579362633,0.0
2021S05075350620.13,0.029134111520635775,0.03026677053694855,0.029134111520635775,0.0011326590163127752,0.0
2021S05075350620.14,0.05349483753789057,0.054551428894423104,0.05349483753789057,0.0010565913565325352,0.0
2021S05075350620.15,0.05449419164574126,0.05449419164574126,0.05449419164574126,0.0,0.0
2021S05075350620.16,0.05390633628818204,0.05390633628818204,0.05390633628818204,0.0,0.0
2021S05075350620.17,0.05514083253905643,0.05514083253905643,0.05514083253905643,0.0,0.0
2021S05075350620.18,0.04950979700875216,0.04950979700875216,0.04950979700875216,0.0,0.0
2021S05075350620.19,0.05184884253672468,0.06506061712477282,0.05184884253672468,0.01321177458804814,0.0
2021S05075350620.20,0.05252220412811072,0.05252220412811072,0.05252220412811072,0.0,0.0
2021S05075350620.21,0.053591660773253266,0.053591660773253266,0.053591660773253266,0.0,0.0
2021S05075350620.22,0.05370058691303628,0.05370058691303628,0.05370058691303628,0.0,0.0
2021S05075350620.23,0.049127912024593365,0.05551420710617165,0.049127912024593365,0.006386295081578286,0.0
2021S05075350620.24,0.05535741082868352,0.05535741082868352,0.05535741082868352,0.0,0.0
2021S05075350620.25,0.048515702659363814,0.048515702659363814,0.048515702659363814,0.0,0.0
2021S05075350620.26,0.04830637503421554,0.04830637503421554,0.04830637503421554,0.0,0.0
2021S05075350620.27,0.04678091055945086,0.04678091055945086,0.04678091055945086,0.0,0.0
2021S05075350620.28,0.04221977177990439,0.0880499641167495,0.04221977177990439,0.045830192336845106,0.0
2021S05075350620.29,0.04534177818632134,0.04534177818632134,0.04534177818632134,0.0,0.0
2021S05075350621.00,0.04773385503381005,0.04961635128276119,0.04773385503381005,0.0018824962489511418,0.0
2021S05075350622.00,0.04705609238627116,0.04849203472416876,0.04705609238627116,0.0014359423378976013,0.0
2021S05075350623.00,0.03425727096176454,0.03428456688091106,0.03425727096176454,2.729591914651941e-05,0.0
2021S05075350624.00,0.04444186503147832,0.04867140440530897,0.04444186503147832,0.004229539373830651,0.0
2021S05075350625.00,0.025924421268362342,0.025924421268362342,0.025924421268362342,0.0,0.0
2021S05075350626.00,0.035306592775007764,0.03606525003652199,0.035306592775007764,0.0007586572615142229,0.0
2021S05075350630.00,0.038269383777106314,0.038269383777106314,0.038269383777106314,0.0,0.0
2021S05075350631.02,0.05999651779249571,0.05999651779249571,0.05999651779249571,0.0,0.0
2021S05075350631.03,0.05987306816740826,0.05987306816740826,0.05987306816740826,0.0,0.0
2021S05075350631.04,0.06073721554302035,0.07012898171896507,0.06073721554302035,0.009391766175944727,0.0
2021S05075350632.00,0.050584236621194816,0.050584236621194816,0.050584236621194816,0.0,0.0
2021S05075350633.00,0.052906982180331324,0.053221760652622165,0.052906982180331324,0.00031477847229084005,0.0
2021S05075350634.01,0.05518198241408556,0.05518198241408556,0.05518198241408556,0.0,0.0
2021S05075350634.02,0.05138590644264681,0.05468129644253559,0.05138590644264681,0.0032953899998887787,0.0
2021S05075350635.00,0.04156137377943806,0.04631076612977824,0.04156137377943806,0.004749392350340179,0.0
2021S05075350636.00,0.05402736533238541,0.05402736533238541,0.05402736533238541,0.0,0.0
2021S05075350637.00,0.03981250409069931,0.048551622053149744,0.03981250409069931,0.008739117962450436,0.0
2021S05075350638.00,0.04856230284896637,0.04856230284896637,0.04856230284896637,0.0,0.0
2021S05075350639.00,0.0555523312893479,0.05850848726016324,0.0555523312893479,0.00295615597081534,0.0
2021S05075350800.01,0.04830637503421556,0.05970431463777854,0.04830637503421556,0.01139793960356298,0.0
2021S05075350800.02,0.04397892893740042,0.04397892893740042,0.04397892893740042,0.0,0.0
2021S05075350801.01,0.04907122597225731,0.049460149436384576,0.04907122597225731,0.00038892346412726375,0.0
2021S05075350801.02,0.05036744703567541,0.05036744703567541,0.05036744703567541,0.0,0.0
2021S05075350802.01,0.054095903128203914,0.054095903128203914,0.054095903128203914,0.0,0.0
2021S05075350802.02,0.052959889162511646,0.05986153550586582,0.052959889162511646,0.006901646343354176,0.0
2021S05075350803.03,0.05036744703567541,0.05614129351876254,0.05036744703567541,0.005773846483087132,0.0
2021S05075350803.04,0.055922680164610196,0.055922680164610196,0.055922680164610196,0.0,0.0
2021S05075350803.05,0.05884432129167963,0.05884432129167963,0.05884432129167963,0.0,0.0
2021S05075350803.06,0.053083338787599105,0.05325989028788954,0.053083338787599105,0.00017655150029043803,0.0
2021S05075350804.01,0.05370058691303628,0.053934510300240365,0.05370058691303628,0.00023392338720408523,0.0
2021S05075350804.05,0.05418788806469725,0.054269060070083995,0.05418788806469725,8.117200538674402e-05,0.0
2021S05075350804.06,0.05277471472488051,0.052841196638747305,0.05277471472488051,6.648191386679492e-05,0.0
2021S05075350804.07,0.05355814503793541,0.053589076062350034,0.05355814503793541,3.093102441462103e-05,0.0
2021S05075350804.08,0.05479651725820029,0.05727418758024621,0.05479651725820029,0.002477670322045919,0.0
2021S05075350804.10,0.04650892852131451,0.04686180387389081,0.04650892852131451,0.00035287535257629704,0.0
2021S05075350804.11,0.05449754018891723,0.05801925005231008,0.05449754018891723,0.003521709863392848,0.0
2021S05075350804.12,0.05315595621412113,0.05315595621412113,0.05315595621412113,0.0,0.0
2021S05075350804.13,0.05020284753555884,0.05020284753555884,0.05020284753555884,0.0,0.0
2021S05075350805.04,0.06038296879276942,0.061042543481329044,0.06038296879276942,0.0006595746885596221,0.0
2021S05075350805.06,0.05046003425449101,0.05046003425449101,0.05046003425449101,0.0,0.0
2021S05075350805.09,0.0578670117597374,0.05987421926510742,0.0578670117597374,0.0020072075053700206,0.0
2021S05075350805.10,0.054626459101192106,0.054626459101192106,0.054626459101192106,0.0,0.0
2021S05075350805.16,0.05349483753789055,0.05733139417269375,0.05349483753789055,0.003836556634803201,0.0
2021S05075350805.17,0.054577728986026,0.054577728986026,0.054577728986026,0.0,0.0
2021S05075350805.18,0.0569411395715816,0.0569411395715816,0.0569411395715816,0.0,0.0
2021S05075350805.19,0.04721948159594572,0.04721948159594572,0.04721948159594572,0.0,0.0
2021S05075350805.20,0.0564782034775037,0.0564782034775037,0.0564782034775037,0.0,0.0
2021S05075350805.21,0.057501535895991676,0.057501535895991676,0.057501535895991676,0.0,0.0
2021S05075350805.22,0.051848842536724685,0.051848842536724685,0.051848842536724685,0.0,0.0
2021S05075350805.23,0.0509229703485689,0.0724544195999767,0.0509229703485689,0.0215314492514078,0.0
2021S05075350805.24,0.02571867189321662,1.7950740923687474,0.02571867189321662,1.7693554204755308,0.0
2021S05075350805.25,0.05390633628818204,0.05390633628818204,0.05390633628818204,0.0,0.0
2021S05075350805.26,0.03555349202518267,0.03555349202518267,0.03555349202518267,0.0,0.0
2021S05075350805.27,0.05596383003963937,0.0766500701748346,0.05596383003963937,0.02068624013519524,0.0
2021S05075350806.00,0.04407151615621598,0.04407151615621598,0.04407151615621598,0.0,0.0
2021S05075350807.00,0.04203960205680381,0.04451045513007875,0.04203960205680381,0.0024708530732749437,0.0
2021S05075350810.01,0.049312757847428376,0.049312757847428376,0.049312757847428376,0.0,0.0
2021S05075350810.02,0.0452114211359195,0.04666552369105279,0.0452114211359195,0.0014541025551332923,0.0
2021S05075350810.03,0.05138590644264681,0.05138590644264681,0.05138590644264681,0.0,0.0
2021S05075350810.04,0.04604337368126132,0.055001888348066415,0.04604337368126132,0.008958514666805098,0.0
2021S05075350810.05,0.05508939519527,0.05508939519527,0.05508939519527,0.0,0.0
2021S05075350811.00,0.04153198101156009,0.041693097575665264,0.04153198101156009,0.0001611165641051751,0.0
2021S05075350812.00,0.05608140111115121,0.05608140111115121,0.05608140111115121,0.0,0.0
2021S05075350820.03,0.052219191411987005,0.052219191411987005,0.052219191411987005,0.0,0.0
2021S05075350820.04,0.06157050051236059,0.06157050051236059,0.06157050051236059,0.0,0.0
2021S05075350820.05,0.05999651779249571,0.05999651779249571,0.05999651779249571,0.0,0.0
2021S05075350820.06,0.046910857533227095,0.046910857533227095,0.046910857533227095,0.0,0.0
2021S05075350820.07,0.052219191411987005,0.052219191411987005,0.052219191411987005,0.0,0.0
2021S05075350830.00,0.0422814965924481,0.0422814965924481,0.0422814965924481,0.0,0.0
2021S05075350831.01,0.05020284753555884,0.05020284753555884,0.05020284753555884,0.0,0.0
2021S05075350831.02,0.04357045591321404,0.04357045591321404,0.04357045591321404,0.0,0.0
2021S05075350832.00,0.04979134878526738,0.05144804532741567,0.04979134878526738,0.0016566965421482907,0.0
2021S05076020535.00,0.10616667757519815,0.1810259065669903,0.10616667757519815,0.07485922899179215,0.0
